id,name,record_type,record_id,blob_id,created_at
3,attachment,Spree::Asset,1,3,2020-05-12 12:41:39.613619
4,attachment,Spree::Asset,2,4,2020-05-12 13:20:18.634783
5,attachment,Spree::Asset,3,5,2020-05-12 13:28:07.297782
6,attachment,Spree::Asset,4,6,2020-05-12 13:30:37.641680
8,video,Spree::Product,11,8,2020-05-12 14:05:11.067651
11,attachment,Spree::Asset,7,11,2020-05-12 14:57:19.732544
13,attachment,Spree::Asset,9,13,2020-05-12 14:58:02.748958
14,attachment,Spree::Asset,10,14,2020-05-12 15:00:06.242157
15,attachment,Spree::Asset,11,15,2020-05-12 15:00:18.539632
20,attachment,Spree::Asset,16,20,2020-07-09 09:46:03.964828
21,attachment,Spree::Asset,17,21,2020-08-10 08:04:14.857260
23,attachment,Spree::Asset,19,23,2020-08-10 08:40:29.994348
24,attachment,Spree::Asset,20,24,2020-08-10 08:41:43.955199
25,attachment,Spree::Asset,21,25,2020-08-10 08:42:47.876621
27,attachment,Spree::Asset,23,27,2020-08-10 08:44:54.187026
29,attachment,Spree::Asset,25,29,2020-08-10 08:55:18.409718
30,attachment,Spree::Asset,26,30,2020-08-10 08:56:22.304139
31,attachment,Spree::Asset,27,31,2020-08-10 09:08:59.270102
32,attachment,Spree::Asset,28,32,2020-08-10 09:09:39.916008
33,attachment,Spree::Asset,29,33,2020-08-10 09:11:18.529856
34,attachment,Spree::Asset,30,34,2020-08-10 09:14:22.586502
35,attachment,Spree::Asset,31,35,2020-08-10 09:14:43.785967
36,attachment,Spree::Asset,32,36,2020-08-10 09:31:41.429993
37,attachment,Spree::Asset,33,37,2020-08-10 09:31:53.853636
39,attachment,Spree::Asset,35,39,2020-08-10 09:35:35.813281
40,attachment,Spree::Asset,36,40,2020-08-10 09:35:52.461785
41,attachment,Spree::Asset,37,41,2020-08-10 09:47:32.842493
42,attachment,Spree::Asset,38,42,2020-08-10 09:49:41.418138
43,attachment,Spree::Asset,39,43,2020-08-10 09:52:09.828292
44,attachment,Spree::Asset,40,44,2020-08-10 10:09:38.601123
45,attachment,Spree::Asset,41,45,2020-08-10 10:09:48.894336
46,attachment,Spree::Asset,42,46,2020-08-10 10:11:06.819669
47,attachment,Spree::Asset,43,47,2020-08-10 10:11:17.442050
48,attachment,Spree::Asset,44,48,2020-08-10 10:12:16.601579
49,attachment,Spree::Asset,45,49,2020-08-10 10:21:30.731749
50,attachment,Spree::Asset,46,50,2020-08-10 10:23:30.710745
51,attachment,Spree::Asset,47,51,2020-08-10 10:30:20.911864
52,attachment,Spree::Asset,48,52,2020-08-10 10:34:13.031000
53,attachment,Spree::Asset,49,53,2020-08-10 10:35:57.735198
54,attachment,Spree::Asset,50,54,2020-08-10 10:37:18.484707
55,attachment,Spree::Asset,51,55,2020-08-10 10:37:31.590684
56,attachment,Spree::Asset,52,56,2020-08-10 10:41:07.162391
57,attachment,Spree::Asset,53,57,2020-08-10 10:41:45.351021
58,attachment,Spree::Asset,54,58,2020-08-10 10:49:43.977083
59,attachment,Spree::Asset,55,59,2020-08-10 11:24:15.814484
60,attachment,Spree::Asset,56,60,2020-08-10 11:32:19.038704
61,attachment,Spree::Asset,57,61,2020-08-10 11:32:34.984530
62,attachment,Spree::Asset,58,62,2020-08-10 12:07:16.752228
63,attachment,Spree::Asset,59,63,2020-08-10 12:07:24.273681
64,attachment,Spree::Asset,60,64,2020-08-10 12:55:51.202605
65,attachment,Spree::Asset,61,65,2020-08-10 12:56:01.347191
66,attachment,Spree::Asset,62,66,2020-08-10 13:26:20.985462
67,attachment,Spree::Asset,63,67,2020-08-10 13:26:36.165577
68,attachment,Spree::Asset,64,68,2020-08-10 13:39:37.058738
69,attachment,Spree::Asset,65,69,2020-08-10 13:39:49.338849
71,attachment,Spree::Asset,67,71,2020-08-10 13:52:14.842955
72,attachment,Spree::Asset,68,72,2020-08-10 13:54:59.251868
73,attachment,Spree::Asset,69,73,2020-08-10 14:18:52.238910
74,attachment,Spree::Asset,70,74,2020-08-10 14:19:03.816683
75,attachment,Spree::Asset,71,75,2020-08-10 14:27:45.076392
76,attachment,Spree::Asset,72,76,2020-08-11 07:33:49.821471
77,attachment,Spree::Asset,73,77,2020-08-11 07:43:09.843895
78,attachment,Spree::Asset,74,78,2020-08-11 07:43:16.005710
79,attachment,Spree::Asset,75,79,2020-08-11 07:43:22.277026
80,attachment,Spree::Asset,76,80,2020-08-11 07:54:31.739630
81,attachment,Spree::Asset,77,81,2020-08-11 08:03:35.508919
82,attachment,Spree::Asset,78,82,2020-08-11 08:03:47.324100
83,attachment,Spree::Asset,79,83,2020-08-11 09:46:34.072884
84,attachment,Spree::Asset,80,84,2020-08-11 09:49:58.809611
85,attachment,Spree::Asset,81,85,2020-08-11 09:50:07.957374
86,attachment,Spree::Asset,82,86,2020-08-11 09:50:17.549175
87,attachment,Spree::Asset,83,87,2020-08-11 09:58:19.219119
88,attachment,Spree::Asset,84,88,2020-08-11 09:58:32.018957
89,attachment,Spree::Asset,85,89,2020-08-11 10:00:45.912960
90,attachment,Spree::Asset,86,90,2020-08-11 10:13:30.848874
91,attachment,Spree::Asset,87,91,2020-08-11 10:13:40.289330
93,attachment,Spree::Asset,89,93,2020-08-11 10:18:16.266225
94,attachment,Spree::Asset,90,94,2020-08-11 10:18:26.406822
95,attachment,Spree::Asset,91,95,2020-08-11 10:22:18.753988
96,attachment,Spree::Asset,92,96,2020-08-11 11:31:29.337230
97,attachment,Spree::Asset,93,97,2020-08-12 06:46:34.804135
98,attachment,Spree::Asset,94,98,2020-08-12 06:47:49.626676
99,attachment,Spree::Asset,95,99,2020-08-12 08:02:26.385795
101,attachment,Spree::Asset,97,101,2020-08-12 08:03:54.500944
102,attachment,Spree::Asset,98,102,2020-08-12 08:04:17.672356
103,attachment,Spree::Asset,99,103,2020-08-12 08:04:43.543661
104,attachment,Spree::Asset,100,104,2020-08-12 08:07:49.683326
105,attachment,Spree::Asset,101,105,2020-08-12 08:09:17.567902
107,attachment,Spree::Asset,102,107,2020-08-12 08:20:23.995207
108,attachment,Spree::Asset,103,108,2020-08-12 08:21:44.523276
109,attachment,Spree::Asset,104,109,2020-08-12 08:23:28.451890
110,attachment,Spree::Asset,105,110,2020-08-12 08:29:11.077436
111,attachment,Spree::Asset,106,111,2020-08-12 08:29:25.135752
112,attachment,Spree::Asset,107,112,2020-08-12 08:30:56.378785
113,attachment,Spree::Asset,108,113,2020-08-12 08:33:39.300259
114,attachment,Spree::Asset,109,114,2020-08-12 08:38:35.487640
115,attachment,Spree::Asset,110,115,2020-08-12 08:40:27.110237
116,attachment,Spree::Asset,111,116,2020-08-12 08:43:32.458946
117,attachment,Spree::Asset,112,117,2020-08-12 08:47:00.182466
118,attachment,Spree::Asset,113,118,2020-08-12 08:55:09.624366
119,attachment,Spree::Asset,114,119,2020-08-12 08:58:43.266200
120,attachment,Spree::Asset,115,120,2020-08-12 09:00:17.215366
121,attachment,Spree::Asset,116,121,2020-08-12 09:04:53.629400
122,attachment,Spree::Asset,117,122,2020-08-12 09:06:06.182019
123,attachment,Spree::Asset,118,123,2020-08-12 09:11:45.458733
124,attachment,Spree::Asset,119,124,2020-08-12 09:21:09.340685
125,attachment,Spree::Asset,120,125,2020-08-12 09:21:18.388321
126,attachment,Spree::Asset,121,126,2020-08-12 09:28:21.297486
127,attachment,Spree::Asset,122,127,2020-08-12 09:32:35.784872
128,attachment,Spree::Asset,123,128,2020-08-12 09:45:57.126858
129,attachment,Spree::Asset,124,129,2020-08-12 10:07:16.962524
130,attachment,Spree::Asset,125,130,2020-08-12 10:11:27.408148
131,attachment,Spree::Asset,126,131,2020-08-12 10:11:36.038936
132,attachment,Spree::Asset,127,132,2020-08-12 10:23:44.740267
133,attachment,Spree::Asset,128,133,2020-08-12 10:23:58.928683
134,attachment,Spree::Asset,129,134,2020-08-12 11:14:51.635477
135,attachment,Spree::Asset,130,135,2020-08-12 11:39:26.643570
137,video,Spree::Product,1714,137,2020-08-13 10:45:38.946155
139,video,Spree::Product,2252,139,2020-08-13 10:56:42.362026
141,video,Spree::Product,2254,141,2020-08-13 10:57:02.322379
143,video,Spree::Product,2257,143,2020-08-13 11:00:56.010068
145,video,Spree::Product,2260,145,2020-08-13 11:01:34.598712
147,video,Spree::Product,1243,147,2020-08-13 11:06:33.210226
149,video,Spree::Product,1238,149,2020-08-13 11:07:42.559885
151,video,Spree::Product,228,151,2020-08-13 11:13:36.414070
153,video,Spree::Product,2262,153,2020-08-13 11:14:08.227713
155,video,Spree::Product,1280,155,2020-08-13 11:19:29.806092
157,video,Spree::Product,42,157,2020-08-13 11:21:15.878225
158,attachment,Spree::Asset,131,158,2020-08-13 11:37:15.522255
160,video,Spree::Product,2371,160,2020-08-13 12:29:36.035258
162,video,Spree::Product,2372,162,2020-08-13 12:31:44.738204
164,video,Spree::Product,2373,164,2020-08-13 12:41:47.130951
166,video,Spree::Product,2374,166,2020-08-13 12:46:04.254062
168,video,Spree::Product,2375,168,2020-08-13 12:52:40.374097
170,video,Spree::Product,2376,170,2020-08-13 12:57:07.749838
172,video,Spree::Product,2377,172,2020-08-13 13:04:38.934351
174,video,Spree::Product,2378,174,2020-08-13 13:11:31.732496
176,video,Spree::Product,2379,176,2020-08-13 13:28:18.686757
178,video,Spree::Product,2380,178,2020-08-13 13:31:22.592629
180,video,Spree::Product,2381,180,2020-08-14 08:53:27.622283
181,attachment,Spree::Asset,132,181,2020-08-14 08:53:52.360277
182,attachment,Spree::Asset,133,182,2020-08-14 08:55:11.724150
184,video,Spree::Product,2382,184,2020-08-14 08:55:29.331235
188,attachment,Spree::Asset,135,188,2020-08-14 09:00:01.733832
190,video,Spree::Product,2384,190,2020-08-14 09:00:28.514321
191,attachment,Spree::Asset,136,191,2020-08-14 09:02:09.791068
193,video,Spree::Product,2385,193,2020-08-14 09:02:25.998824
194,attachment,Spree::Asset,137,194,2020-08-14 09:05:59.928156
196,video,Spree::Product,2386,196,2020-08-14 09:06:18.231004
198,video,Spree::Product,2387,198,2020-08-14 09:08:49.217923
200,video,Spree::Product,1074,200,2020-08-14 09:11:13.310091
201,attachment,Spree::Asset,138,201,2020-08-14 09:11:33.217793
202,attachment,Spree::Asset,139,202,2020-08-14 09:29:32.646256
204,video,Spree::Product,2388,204,2020-08-14 09:30:08.790229
206,video,Spree::Product,2389,206,2020-08-14 09:33:58.129978
210,video,Spree::Product,2390,210,2020-08-14 09:38:02.627679
212,video,Spree::Product,2391,212,2020-08-14 09:39:16.122200
213,attachment,Spree::Asset,142,213,2020-08-14 09:40:05.130552
214,attachment,Spree::Asset,143,214,2020-08-14 09:42:46.772430
216,video,Spree::Product,2392,216,2020-08-14 09:43:08.466629
218,video,Spree::Product,2393,218,2020-08-14 09:45:27.758206
220,attachment,Spree::Asset,145,220,2020-08-14 09:47:48.989694
222,video,Spree::Product,2394,222,2020-08-14 09:48:20.562045
224,video,Spree::Product,2395,224,2020-08-14 09:50:36.146065
225,attachment,Spree::Asset,146,225,2020-08-14 09:50:59.025027
226,attachment,Spree::Asset,147,226,2020-08-14 09:54:26.149794
228,video,Spree::Product,2396,228,2020-08-14 09:54:58.279117
230,video,Spree::Product,2397,230,2020-08-14 10:00:24.262038
231,attachment,Spree::Asset,148,231,2020-08-14 10:00:44.223175
234,attachment,Spree::Asset,149,234,2020-08-14 10:11:27.634125
236,video,Spree::Product,2398,236,2020-08-14 10:11:41.408133
238,video,Spree::Product,2399,238,2020-08-14 10:15:23.302522
240,attachment,Spree::Asset,151,240,2020-08-14 10:18:43.319474
242,video,Spree::Product,2400,242,2020-08-14 10:18:55.241623
244,video,Spree::Product,2401,244,2020-08-14 10:20:50.617128
245,attachment,Spree::Asset,152,245,2020-08-14 10:21:54.036795
248,video,Spree::Product,1159,248,2020-08-14 10:26:03.135072
250,video,Spree::Product,1153,250,2020-08-14 10:29:39.526055
251,attachment,Spree::Asset,154,251,2020-08-14 10:29:52.219885
252,attachment,Spree::Asset,155,252,2020-08-14 10:33:17.848080
254,video,Spree::Product,1161,254,2020-08-14 10:33:29.758155
256,video,Spree::Product,1140,256,2020-08-14 10:36:33.256306
260,video,Spree::Product,1158,260,2020-08-14 10:39:56.472611
262,video,Spree::Product,2402,262,2020-08-14 11:13:07.482197
263,attachment,Spree::Asset,158,263,2020-08-14 11:13:18.776112
264,attachment,Spree::Asset,159,264,2020-08-14 11:16:05.394922
266,video,Spree::Product,2403,266,2020-08-14 11:16:16.735234
268,video,Spree::Product,2404,268,2020-08-14 11:20:11.257200
270,attachment,Spree::Asset,161,270,2020-08-14 11:25:48.872139
272,video,Spree::Product,1307,272,2020-08-14 11:26:04.007221
274,video,Spree::Product,2405,274,2020-08-14 11:43:53.446123
275,attachment,Spree::Asset,162,275,2020-08-14 11:50:06.966604
277,video,Spree::Product,1355,277,2020-08-17 08:46:35.376315
278,attachment,Spree::Asset,163,278,2020-08-17 08:46:55.904131
279,attachment,Spree::Asset,164,279,2020-08-17 08:47:42.357802
281,video,Spree::Product,1308,281,2020-08-17 08:47:57.026116
283,video,Spree::Product,1328,283,2020-08-17 08:48:51.606763
284,attachment,Spree::Asset,165,284,2020-08-17 08:49:03.810370
285,attachment,Spree::Asset,166,285,2020-08-17 08:49:45.336348
287,video,Spree::Product,1304,287,2020-08-17 08:50:12.963536
289,video,Spree::Product,1400,289,2020-08-17 08:51:43.394151
291,attachment,Spree::Asset,168,291,2020-08-17 08:52:30.593089
293,video,Spree::Product,1325,293,2020-08-17 08:52:41.203081
295,video,Spree::Product,2406,295,2020-08-17 08:56:06.441984
296,attachment,Spree::Asset,169,296,2020-08-17 08:56:16.425416
297,attachment,Spree::Asset,170,297,2020-08-17 08:56:57.047875
299,video,Spree::Product,1362,299,2020-08-17 08:57:11.942120
301,video,Spree::Product,1392,301,2020-08-17 08:58:01.066713
303,attachment,Spree::Asset,172,303,2020-08-17 08:58:47.823079
305,video,Spree::Product,1340,305,2020-08-17 08:58:58.954073
307,video,Spree::Product,1350,307,2020-08-17 08:59:48.445995
308,attachment,Spree::Asset,173,308,2020-08-17 08:59:57.780428
312,video,Spree::Product,1076,312,2020-08-17 09:05:21.168300
313,attachment,Spree::Asset,174,313,2020-08-17 09:05:39.174467
315,video,Spree::Product,2407,315,2020-08-17 09:06:19.090248
316,attachment,Spree::Asset,175,316,2020-08-17 09:07:28.443393
317,attachment,Spree::Asset,176,317,2020-08-17 09:08:53.705116
319,video,Spree::Product,2022,319,2020-08-17 09:09:15.494927
321,video,Spree::Product,2019,321,2020-08-17 09:09:49.783716
324,video,Spree::Product,2018,324,2020-08-17 09:11:32.717687
328,video,Spree::Product,2408,328,2020-08-17 09:14:15.399073
330,video,Spree::Product,619,330,2020-08-17 09:15:27.725335
334,video,Spree::Product,657,334,2020-08-17 09:17:31.473964
336,video,Spree::Product,682,336,2020-08-17 09:19:40.414053
340,video,Spree::Product,692,340,2020-08-17 09:21:31.830436
342,video,Spree::Product,673,342,2020-08-17 09:22:17.561099
344,attachment,Spree::Asset,185,344,2020-08-17 09:26:10.739509
346,video,Spree::Product,2409,346,2020-08-17 09:26:46.770199
348,video,Spree::Product,2410,348,2020-08-17 09:29:21.338103
349,attachment,Spree::Asset,186,349,2020-08-17 09:29:45.418883
352,video,Spree::Product,2411,352,2020-08-17 09:33:08.926121
354,video,Spree::Product,2412,354,2020-08-17 09:35:08.619194
358,video,Spree::Product,694,358,2020-08-17 09:43:32.866028
360,video,Spree::Product,1616,360,2020-08-17 09:44:31.073995
361,attachment,Spree::Asset,190,361,2020-08-17 09:45:11.698333
362,attachment,Spree::Asset,191,362,2020-08-17 09:45:33.776743
364,video,Spree::Product,1617,364,2020-08-17 09:45:50.227365
366,video,Spree::Product,1618,366,2020-08-17 09:46:17.969337
367,attachment,Spree::Asset,192,367,2020-08-17 09:46:31.183362
369,video,Spree::Product,2413,369,2020-08-17 09:49:26.837988
371,video,Spree::Product,2414,371,2020-08-17 09:51:21.092047
372,attachment,Spree::Asset,193,372,2020-08-17 09:52:02.272707
373,attachment,Spree::Asset,194,373,2020-08-17 09:57:14.811609
375,video,Spree::Product,2415,375,2020-08-17 09:57:37.476424
377,video,Spree::Product,2416,377,2020-08-17 10:01:17.355359
380,attachment,Spree::Asset,195,380,2020-08-17 10:09:33.106831
382,video,Spree::Product,1075,382,2020-08-17 10:10:50.374317
384,video,Spree::Product,2417,384,2020-08-17 10:15:36.534262
385,attachment,Spree::Asset,196,385,2020-08-17 10:15:54.107120
386,attachment,Spree::Asset,197,386,2020-08-17 10:20:38.591834
388,video,Spree::Product,2419,388,2020-08-17 10:20:52.286073
390,video,Spree::Product,2420,390,2020-08-17 10:24:14.438223
391,attachment,Spree::Asset,198,391,2020-08-17 10:25:51.274693
392,attachment,Spree::Asset,199,392,2020-08-17 10:27:29.775644
394,video,Spree::Product,2421,394,2020-08-17 10:27:54.373769
396,video,Spree::Product,2422,396,2020-08-17 10:29:15.103365
397,attachment,Spree::Asset,200,397,2020-08-17 10:29:44.731319
398,attachment,Spree::Asset,201,398,2020-08-17 10:31:30.642705
400,video,Spree::Product,2423,400,2020-08-17 10:31:46.070176
402,video,Spree::Product,2424,402,2020-08-17 10:55:33.670034
403,attachment,Spree::Asset,202,403,2020-08-17 11:14:29.880387
406,video,Spree::Product,2425,406,2020-08-17 11:27:00.270769
408,video,Spree::Product,2426,408,2020-08-17 12:59:50.354079
410,video,Spree::Product,2427,410,2020-08-17 13:03:30.787364
411,attachment,Spree::Asset,204,411,2020-08-17 13:03:47.684394
412,attachment,Spree::Asset,205,412,2020-08-17 13:09:53.034908
414,video,Spree::Product,2428,414,2020-08-17 13:10:12.022778
415,storage_data,Ckeditor::Asset,1,415,2020-08-17 13:17:46.171521
417,video,Spree::Product,2430,417,2020-08-17 13:21:31.438047
419,attachment,Spree::Asset,207,419,2020-08-17 13:34:06.839032
421,video,Spree::Product,2431,421,2020-08-17 13:34:32.610598
423,video,Spree::Product,2432,423,2020-08-17 13:47:23.058377
424,attachment,Spree::Asset,208,424,2020-08-17 13:54:23.402220
425,attachment,Spree::Asset,209,425,2020-08-17 13:56:59.691293
427,video,Spree::Product,907,427,2020-08-17 13:58:50.522823
429,video,Spree::Product,1069,429,2020-08-17 14:07:54.790397
430,attachment,Spree::Asset,210,430,2020-08-17 14:11:10.520990
431,attachment,Spree::Asset,211,431,2020-08-17 14:25:56.003391
433,video,Spree::Product,2258,433,2020-08-17 14:26:15.690151
435,video,Spree::Product,2433,435,2020-08-17 14:30:01.993652
436,attachment,Spree::Asset,212,436,2020-08-17 14:32:55.142893
438,video,Spree::Product,2434,438,2020-08-17 14:40:53.198012
440,video,Spree::Post,1,440,2020-08-17 16:00:34.927442
443,video,Spree::Product,2435,443,2020-08-18 06:44:57.845993
445,video,Spree::Product,1135,445,2020-08-18 06:58:32.724424
448,video,Spree::Product,2436,448,2020-08-18 07:25:47.176220
451,video,Spree::Product,2437,451,2020-08-18 07:30:25.549991
452,attachment,Spree::Asset,217,452,2020-08-18 07:32:18.404497
454,video,Spree::Product,1025,454,2020-08-18 07:34:07.267630
455,attachment,Spree::Asset,218,455,2020-08-18 07:35:08.655853
457,video,Spree::Product,2438,457,2020-08-18 07:37:25.670503
458,attachment,Spree::Asset,219,458,2020-08-18 07:38:21.950948
460,video,Spree::Product,2439,460,2020-08-18 07:40:36.619628
461,attachment,Spree::Asset,220,461,2020-08-18 07:41:51.621872
463,video,Spree::Product,36,463,2020-08-18 07:50:07.542436
464,attachment,Spree::Asset,221,464,2020-08-18 07:50:47.893448
466,video,Spree::Product,72,466,2020-08-18 08:02:00.504169
467,attachment,Spree::Asset,222,467,2020-08-18 08:02:50.393521
469,video,Spree::Product,2440,469,2020-08-18 08:05:28.962116
470,attachment,Spree::Asset,223,470,2020-08-18 08:06:39.441966
472,video,Spree::Product,24,472,2020-08-18 08:14:20.096305
473,attachment,Spree::Asset,224,473,2020-08-18 08:14:56.406062
475,video,Spree::Product,87,475,2020-08-18 08:17:23.105216
476,attachment,Spree::Asset,225,476,2020-08-18 08:17:36.816076
478,video,Spree::Product,2441,478,2020-08-18 08:20:38.190044
479,attachment,Spree::Asset,226,479,2020-08-18 08:21:37.381370
481,video,Spree::Product,1035,481,2020-08-18 08:26:06.758865
482,attachment,Spree::Asset,227,482,2020-08-18 08:26:29.483603
484,video,Spree::Product,2442,484,2020-08-18 08:30:24.666011
487,video,Spree::Product,2443,487,2020-08-18 08:33:44.651654
490,video,Spree::Product,2444,490,2020-08-18 08:55:27.841925
493,video,Spree::Product,2445,493,2020-08-18 09:13:48.873967
496,video,Spree::Product,2446,496,2020-08-18 09:20:57.618450
499,video,Spree::Product,2244,499,2020-08-18 09:43:05.146055
500,attachment,Spree::Asset,233,500,2020-08-18 09:43:33.882204
502,video,Spree::Product,2245,502,2020-08-18 09:44:29.506081
508,video,Spree::Product,2448,508,2020-08-18 09:51:29.054133
509,attachment,Spree::Asset,236,509,2020-08-18 09:52:25.667259
511,video,Spree::Product,2449,511,2020-08-18 09:56:21.694914
515,video,Spree::Product,2450,515,2020-08-18 10:04:10.502475
516,attachment,Spree::Asset,237,516,2020-08-18 10:07:44.778344
518,video,Spree::Product,490,518,2020-08-18 10:34:59.509035
521,video,Spree::Product,2451,521,2020-08-18 10:47:46.442066
524,video,Spree::Product,1965,524,2020-08-19 07:21:32.138382
526,video,Spree::Product,2452,526,2020-08-19 07:29:07.494086
528,video,Spree::Product,2453,528,2020-08-19 07:40:47.557217
529,attachment,Spree::Asset,240,529,2020-08-19 07:43:05.155910
531,video,Spree::Product,2455,531,2020-08-19 07:52:06.227113
532,attachment,Spree::Asset,241,532,2020-08-19 07:53:48.560418
534,video,Spree::Product,2456,534,2020-08-19 08:46:11.478239
535,attachment,Spree::Asset,242,535,2020-08-19 08:50:01.474139
537,video,Spree::Product,45,537,2020-08-19 09:09:25.090289
538,attachment,Spree::Asset,243,538,2020-08-19 09:13:11.975746
540,video,Spree::Product,2457,540,2020-08-19 09:26:33.301014
541,attachment,Spree::Asset,244,541,2020-08-19 09:27:42.570501
543,video,Spree::Product,2458,543,2020-08-19 09:50:24.864934
544,attachment,Spree::Asset,245,544,2020-08-19 09:51:38.525609
546,video,Spree::Product,2459,546,2020-08-19 09:58:25.634245
547,attachment,Spree::Asset,246,547,2020-08-19 10:01:59.316611
549,video,Spree::Product,2460,549,2020-08-19 10:08:10.541961
550,attachment,Spree::Asset,247,550,2020-08-19 10:09:56.960110
551,attachment,Spree::Asset,248,551,2020-09-07 09:52:07.892285
553,video,Spree::Product,37,553,2020-09-07 09:52:29.071190
555,video,Spree::Product,105,555,2020-09-07 09:53:10.088018
556,attachment,Spree::Asset,249,556,2020-09-07 09:58:00.600105
557,attachment,Spree::Asset,250,557,2020-09-07 10:00:06.420126
559,video,Spree::Product,38,559,2020-09-07 10:00:22.747370
561,video,Spree::Product,496,561,2020-09-07 10:17:42.056115
563,video,Spree::Product,488,563,2020-09-07 12:18:26.115669
565,video,Spree::Product,489,565,2020-09-07 13:37:55.415123
567,video,Spree::Product,498,567,2020-09-07 13:39:16.338870
569,video,Spree::Product,510,569,2020-09-07 13:40:02.101517
571,video,Spree::Product,485,571,2020-09-07 13:41:04.905549
573,video,Spree::Product,545,573,2020-09-08 07:12:32.368351
577,video,Spree::Product,689,577,2020-09-08 07:14:35.399828
579,video,Spree::Product,211,579,2020-09-08 07:15:09.091291
582,video,Spree::Product,1564,582,2020-09-08 07:26:27.035823
584,video,Spree::Product,56,584,2020-09-08 09:41:22.395767
585,attachment,Spree::Asset,254,585,2020-09-08 09:42:44.957856
586,attachment,Spree::Asset,255,586,2020-09-08 09:44:15.876200
588,video,Spree::Product,984,588,2020-09-08 09:44:30.587328
590,video,Spree::Product,1212,590,2020-09-08 09:46:06.705166
591,attachment,Spree::Asset,256,591,2020-09-08 09:46:28.323135
594,video,Spree::Product,1183,594,2020-09-08 09:55:59.095474
596,video,Spree::Product,1189,596,2020-09-08 09:57:15.117345
597,attachment,Spree::Asset,258,597,2020-09-08 09:57:54.937069
598,attachment,Spree::Asset,259,598,2020-09-08 10:15:45.467800
600,video,Spree::Product,1216,600,2020-09-08 10:16:05.566635
602,video,Spree::Product,1204,602,2020-09-08 10:19:56.486762
603,attachment,Spree::Asset,260,603,2020-09-08 10:20:28.985212
604,attachment,Spree::Asset,261,604,2020-09-08 10:32:55.842458
605,attachment,Spree::Asset,262,605,2020-09-08 10:40:06.605821
607,video,Spree::Product,1184,607,2020-09-08 10:40:24.999802
609,video,Spree::Product,1258,609,2020-09-08 10:42:43.821089
610,attachment,Spree::Asset,263,610,2020-09-08 10:43:06.367136
613,video,Spree::Product,1217,613,2020-09-08 10:45:40.095210
615,video,Spree::Product,1211,615,2020-09-08 11:13:45.932610
619,video,Spree::Product,1193,619,2020-09-08 12:25:13.163385
621,video,Spree::Product,1188,621,2020-09-08 12:26:51.496839
622,attachment,Spree::Asset,267,622,2020-09-08 12:27:21.311879
625,video,Spree::Product,2227,625,2020-09-08 12:35:22.174751
627,video,Spree::Product,2011,627,2020-09-08 13:12:20.833691
629,attachment,Spree::Asset,270,629,2020-09-08 13:19:46.203910
631,video,Spree::Product,2012,631,2020-09-08 13:20:10.131056
633,video,Spree::Product,2020,633,2020-09-08 13:42:43.571650
637,video,Spree::Product,2014,637,2020-09-08 13:54:40.283197
639,video,Spree::Product,2023,639,2020-09-08 14:15:11.844531
641,attachment,Spree::Asset,274,641,2020-09-08 14:17:36.299186
643,video,Spree::Product,922,643,2020-09-08 14:18:19.468212
645,video,Spree::Product,2188,645,2020-09-08 14:21:45.421846
647,attachment,Spree::Asset,276,647,2020-09-09 08:06:03.345792
649,video,Spree::Product,1313,649,2020-09-09 08:07:12.581294
651,video,Spree::Product,1341,651,2020-09-09 08:07:40.884590
652,attachment,Spree::Asset,277,652,2020-09-09 08:09:19.637114
653,attachment,Spree::Asset,278,653,2020-09-09 08:10:24.349068
655,video,Spree::Product,1364,655,2020-09-09 08:10:45.358253
657,video,Spree::Product,1360,657,2020-09-09 08:13:53.015637
659,attachment,Spree::Asset,280,659,2020-09-09 08:35:19.852984
661,video,Spree::Product,1394,661,2020-09-09 08:35:44.355159
663,video,Spree::Product,1043,663,2020-09-09 08:37:51.014683
664,attachment,Spree::Asset,281,664,2020-09-09 08:40:03.890754
665,attachment,Spree::Asset,282,665,2020-09-09 09:02:43.391904
667,video,Spree::Product,874,667,2020-09-09 09:02:58.842565
669,video,Spree::Product,899,669,2020-09-09 10:04:08.167848
670,attachment,Spree::Asset,283,670,2020-09-09 10:05:40.974396
671,attachment,Spree::Asset,284,671,2020-09-09 10:06:51.883696
673,video,Spree::Product,925,673,2020-09-09 10:07:23.825321
675,video,Spree::Product,924,675,2020-09-09 10:09:07.342741
676,attachment,Spree::Asset,285,676,2020-09-09 10:09:43.364005
677,attachment,Spree::Asset,286,677,2020-09-09 12:52:54.488006
679,video,Spree::Product,1048,679,2020-09-09 12:53:11.881266
681,video,Spree::Product,1052,681,2020-09-09 12:54:18.218476
682,attachment,Spree::Asset,287,682,2020-09-09 12:56:02.942582
683,attachment,Spree::Asset,288,683,2020-09-09 12:57:48.606575
685,video,Spree::Product,1056,685,2020-09-09 12:58:11.297183
687,video,Spree::Product,1059,687,2020-09-09 13:00:01.324706
688,attachment,Spree::Asset,289,688,2020-09-09 13:00:31.733530
689,attachment,Spree::Asset,290,689,2020-09-09 13:05:14.606073
691,video,Spree::Product,2461,691,2020-09-09 13:05:53.086689
693,video,Spree::Product,956,693,2020-09-09 13:09:33.583861
695,video,Spree::Product,957,695,2020-09-09 13:09:52.233010
696,attachment,Spree::Asset,291,696,2020-09-09 13:10:54.917334
697,attachment,Spree::Asset,292,697,2020-09-09 13:11:04.822661
698,attachment,Spree::Asset,293,698,2020-09-09 13:14:26.350607
700,video,Spree::Product,1064,700,2020-09-09 13:22:25.773065
702,video,Spree::Product,877,702,2020-09-10 06:40:58.814273
703,attachment,Spree::Asset,294,703,2020-09-10 06:42:15.607650
704,attachment,Spree::Asset,295,704,2020-09-10 11:36:12.894611
706,video,Spree::Product,2462,706,2020-09-10 11:36:34.083039
708,video,Spree::Product,958,708,2020-09-10 11:38:11.916601
709,attachment,Spree::Asset,296,709,2020-09-10 11:38:36.496851
710,attachment,Spree::Asset,297,710,2020-09-10 12:02:10.756179
712,video,Spree::Product,900,712,2020-09-10 12:03:47.725257
713,attachment,Spree::Asset,298,713,2020-09-10 13:10:50.435425
716,video,Spree::Product,2253,716,2020-09-10 13:12:02.200126
720,video,Spree::Product,2256,720,2020-09-10 13:14:16.115038
724,video,Spree::Product,231,724,2020-09-10 13:17:06.509607
726,video,Spree::Product,1143,726,2020-09-10 13:18:12.493403
727,attachment,Spree::Asset,304,727,2020-09-10 13:22:34.654036
730,video,Spree::Product,1651,730,2020-09-10 13:26:18.930046
732,video,Spree::Product,232,732,2020-09-10 13:27:16.417190
734,video,Spree::Product,171,734,2020-09-10 13:28:31.105637
736,video,Spree::Product,2463,736,2020-09-10 13:33:17.796435
740,video,Spree::Product,2464,740,2020-09-10 13:42:21.544572
742,video,Spree::Product,2465,742,2020-09-10 13:44:00.788912
745,video,Spree::Product,133,745,2020-09-10 13:45:45.304566
747,video,Spree::Product,134,747,2020-09-10 13:47:20.454017
749,video,Spree::Product,2466,749,2020-09-10 13:48:49.157175
751,attachment,Spree::Asset,310,751,2020-09-10 13:50:26.343068
753,video,Spree::Product,169,753,2020-09-10 13:50:54.625845
755,video,Spree::Product,173,755,2020-09-10 13:51:38.570020
757,video,Spree::Product,146,757,2020-09-10 13:52:28.753280
759,video,Spree::Product,148,759,2020-09-11 09:40:08.232289
761,video,Spree::Product,2295,761,2020-09-11 09:41:26.894763
765,video,Spree::Product,2270,765,2020-09-11 09:44:05.337459
767,video,Spree::Product,2271,767,2020-09-11 09:44:35.243279
771,video,Spree::Product,2272,771,2020-09-11 09:49:01.280991
773,video,Spree::Product,2267,773,2020-09-11 09:50:54.747681
777,video,Spree::Product,2297,777,2020-09-11 09:53:36.804794
779,video,Spree::Product,2269,779,2020-09-11 09:54:16.135514
781,attachment,Spree::Asset,318,781,2020-09-11 09:55:51.647814
783,video,Spree::Product,1613,783,2020-09-11 09:56:32.389786
785,video,Spree::Product,1614,785,2020-09-11 09:57:49.792481
786,attachment,Spree::Asset,319,786,2020-09-11 09:58:59.648966
790,video,Spree::Product,220,790,2020-09-11 10:02:15.863275
792,video,Spree::Product,222,792,2020-09-11 10:03:04.704990
794,video,Spree::Product,480,794,2020-09-11 10:04:30.872149
798,video,Spree::Product,479,798,2020-09-11 10:06:44.023451
800,video,Spree::Product,1571,800,2020-09-11 10:10:39.744954
802,attachment,Spree::Asset,323,802,2020-09-11 10:18:58.698864
804,video,Spree::Product,19,804,2020-09-11 10:19:46.294858
806,video,Spree::Product,896,806,2020-09-11 10:22:29.461934
807,attachment,Spree::Asset,324,807,2020-09-11 10:23:07.793259
808,attachment,Spree::Asset,325,808,2020-09-11 11:15:29.636885
810,video,Spree::Product,1034,810,2020-09-11 11:16:19.404417
812,video,Spree::Product,1113,812,2020-09-11 11:17:50.152428
813,attachment,Spree::Asset,326,813,2020-09-11 11:18:12.909936
815,video,Spree::Product,1042,815,2020-09-11 11:20:29.749641
817,video,Spree::Product,1041,817,2020-09-11 11:20:49.685469
819,video,Spree::Product,1040,819,2020-09-11 11:21:39.870667
821,video,Spree::Product,1039,821,2020-09-11 11:21:51.489652
822,attachment,Spree::Asset,327,822,2020-09-11 11:22:20.166814
823,attachment,Spree::Asset,328,823,2020-09-11 11:22:26.139507
824,attachment,Spree::Asset,329,824,2020-09-11 11:22:31.900637
825,attachment,Spree::Asset,330,825,2020-09-11 11:22:36.721969
826,attachment,Spree::Asset,331,826,2020-09-11 12:12:27.508819
828,video,Spree::Product,1124,828,2020-09-11 12:12:51.126312
830,video,Spree::Product,914,830,2020-09-11 12:17:28.452784
832,video,Spree::Product,915,832,2020-09-11 12:17:51.411972
834,video,Spree::Product,916,834,2020-09-11 12:18:04.161333
835,attachment,Spree::Asset,332,835,2020-09-11 12:18:26.756197
836,attachment,Spree::Asset,333,836,2020-09-11 12:18:34.687154
837,attachment,Spree::Asset,334,837,2020-09-11 12:18:43.970316
839,video,Spree::Product,917,839,2020-09-11 12:20:43.407132
840,attachment,Spree::Asset,335,840,2020-09-11 12:21:35.857780
842,video,Spree::Product,1004,842,2020-09-11 12:23:23.327840
843,attachment,Spree::Asset,336,843,2020-09-11 12:24:15.663422
844,attachment,Spree::Asset,337,844,2020-09-11 12:25:28.786806
846,video,Spree::Product,918,846,2020-09-11 12:25:51.227571
848,video,Spree::Product,919,848,2020-09-11 12:27:05.119786
850,video,Spree::Product,920,850,2020-09-11 12:27:17.664706
851,attachment,Spree::Asset,338,851,2020-09-11 12:27:41.537231
852,attachment,Spree::Asset,339,852,2020-09-11 12:27:48.411196
854,video,Spree::Product,950,854,2020-09-11 12:28:59.817564
855,attachment,Spree::Asset,340,855,2020-09-11 12:30:23.964150
857,video,Spree::Product,921,857,2020-09-11 12:45:32.995493
858,attachment,Spree::Asset,341,858,2020-09-11 12:48:24.401969
859,attachment,Spree::Asset,342,859,2020-09-11 12:55:40.351206
860,attachment,Spree::Asset,343,860,2020-09-11 12:55:49.851339
862,video,Spree::Product,1078,862,2020-09-11 12:56:22.341256
864,video,Spree::Product,1079,864,2020-09-11 12:57:07.189219
866,video,Spree::Product,990,866,2020-09-11 13:02:56.665702
867,attachment,Spree::Asset,344,867,2020-09-11 13:03:32.842043
868,attachment,Spree::Asset,345,868,2020-09-11 13:09:00.124232
870,video,Spree::Product,1084,870,2020-09-11 13:14:12.978637
872,video,Spree::Product,1085,872,2020-09-11 13:17:03.265492
873,attachment,Spree::Asset,346,873,2020-09-11 13:18:46.083577
874,attachment,Spree::Asset,347,874,2020-09-11 13:19:24.491390
876,video,Spree::Product,991,876,2020-09-11 13:20:02.652324
878,video,Spree::Product,995,878,2020-09-11 13:21:56.477242
879,attachment,Spree::Asset,348,879,2020-09-11 13:22:21.297884
880,attachment,Spree::Asset,349,880,2020-09-11 13:24:17.446228
882,video,Spree::Product,1038,882,2020-09-11 13:26:07.128457
884,video,Spree::Product,1096,884,2020-09-11 13:26:59.623626
885,attachment,Spree::Asset,350,885,2020-09-11 13:27:42.829398
886,attachment,Spree::Asset,351,886,2020-09-11 13:29:17.371147
888,video,Spree::Product,1099,888,2020-09-11 13:29:48.811681
890,video,Spree::Product,1022,890,2020-09-11 13:31:31.635106
891,attachment,Spree::Asset,352,891,2020-09-11 13:32:48.571323
892,attachment,Spree::Asset,353,892,2020-09-11 13:36:16.394875
894,video,Spree::Product,965,894,2020-09-11 13:36:47.951124
896,video,Spree::Product,1123,896,2020-09-11 13:39:19.533776
897,attachment,Spree::Asset,354,897,2020-09-11 13:40:30.444078
898,attachment,Spree::Asset,355,898,2020-09-11 13:43:29.442242
900,video,Spree::Product,79,900,2020-09-11 13:43:58.893705
902,video,Spree::Product,68,902,2020-09-11 14:04:23.237523
903,attachment,Spree::Asset,356,903,2020-09-11 14:05:38.459433
904,attachment,Spree::Asset,357,904,2020-09-14 07:25:24.422578
906,video,Spree::Product,33,906,2020-09-14 07:27:19.121419
908,video,Spree::Product,83,908,2020-09-14 07:33:24.075779
909,attachment,Spree::Asset,358,909,2020-09-14 07:35:16.879928
910,attachment,Spree::Asset,359,910,2020-09-14 07:36:21.145346
912,video,Spree::Product,31,912,2020-09-14 07:39:51.976810
914,video,Spree::Product,78,914,2020-09-14 07:54:05.443460
915,attachment,Spree::Asset,360,915,2020-09-14 07:55:02.696573
916,attachment,Spree::Asset,361,916,2020-09-14 07:58:00.136876
918,video,Spree::Product,883,918,2020-09-14 07:58:35.932020
920,video,Spree::Product,123,920,2020-09-14 08:04:06.582426
921,attachment,Spree::Asset,362,921,2020-09-14 08:05:49.909432
922,attachment,Spree::Asset,363,922,2020-09-14 08:10:12.301849
924,video,Spree::Product,1630,924,2020-09-14 08:11:00.440366
926,video,Spree::Product,1389,926,2020-09-14 08:14:13.456788
930,video,Spree::Product,147,930,2020-09-14 08:16:30.840678
932,video,Spree::Product,138,932,2020-09-14 08:17:15.319796
934,video,Spree::Product,135,934,2020-09-14 08:17:59.737864
936,video,Spree::Product,154,936,2020-09-14 08:19:01.407465
937,attachment,Spree::Asset,366,937,2020-09-14 08:19:32.175016
939,video,Spree::Product,2471,939,2020-09-14 08:59:58.396323
943,video,Spree::Product,2472,943,2020-09-14 09:04:38.952760
945,video,Spree::Product,161,945,2020-09-14 09:19:07.158186
947,video,Spree::Product,144,947,2020-09-14 09:19:58.782423
949,video,Spree::Product,1388,949,2020-09-14 09:20:54.969530
950,attachment,Spree::Asset,369,950,2020-09-14 09:21:24.797460
952,video,Spree::Product,2473,952,2020-09-14 09:47:45.850427
953,attachment,Spree::Asset,370,953,2020-09-14 09:50:43.508276
955,video,Spree::Product,1286,955,2020-09-14 09:55:05.400932
956,attachment,Spree::Asset,371,956,2020-09-14 09:55:38.700086
957,attachment,Spree::Asset,372,957,2020-09-14 09:57:35.066085
959,video,Spree::Product,1334,959,2020-09-14 09:57:56.982809
961,video,Spree::Product,1351,961,2020-09-14 09:59:12.868168
965,video,Spree::Product,1352,965,2020-09-14 10:01:25.646147
967,video,Spree::Product,1357,967,2020-09-14 10:02:35.504255
968,attachment,Spree::Asset,375,968,2020-09-14 10:03:18.058862
971,video,Spree::Product,1356,971,2020-09-14 10:04:37.421129
973,video,Spree::Product,1321,973,2020-09-14 10:05:28.270727
974,attachment,Spree::Asset,377,974,2020-09-14 10:06:24.114414
977,video,Spree::Product,1323,977,2020-09-14 10:07:47.874623
979,video,Spree::Product,1829,979,2020-09-14 10:08:38.387711
981,video,Spree::Product,1830,981,2020-09-14 10:09:09.273475
983,video,Spree::Product,1832,983,2020-09-14 10:09:49.215632
987,video,Spree::Product,1833,987,2020-09-14 10:11:04.620679
989,video,Spree::Product,1834,989,2020-09-14 10:11:35.690675
993,video,Spree::Product,1835,993,2020-09-14 10:12:47.155241
995,video,Spree::Product,1820,995,2020-09-14 10:14:12.934174
999,video,Spree::Product,1826,999,2020-09-14 10:17:08.713373
1001,video,Spree::Product,2474,1001,2020-09-14 10:18:31.039720
1005,video,Spree::Product,1824,1005,2020-09-14 10:20:32.853156
1007,video,Spree::Product,1825,1007,2020-09-14 10:21:08.780070
1011,video,Spree::Product,1839,1011,2020-09-14 10:23:41.314505
1013,video,Spree::Product,1841,1013,2020-09-14 10:24:40.986972
1016,video,Spree::Product,1293,1016,2020-09-14 10:26:10.103268
1019,video,Spree::Product,1553,1019,2020-09-14 10:27:48.112104
1023,video,Spree::Product,1556,1023,2020-09-14 13:03:26.957090
1025,video,Spree::Product,2447,1025,2020-09-14 13:05:10.779258
1028,video,Spree::Product,482,1028,2020-09-14 13:07:21.173120
1030,video,Spree::Product,481,1030,2020-09-14 13:07:45.120932
1035,video,Spree::Product,486,1035,2020-09-14 13:09:59.162573
1037,video,Spree::Product,420,1037,2020-09-14 13:11:57.611563
1039,video,Spree::Product,487,1039,2020-09-14 13:13:55.322733
1041,attachment,Spree::Asset,397,1041,2020-09-14 13:23:59.431621
1043,video,Spree::Product,2475,1043,2020-09-14 13:24:44.592619
1045,video,Spree::Product,2477,1045,2020-09-14 14:29:40.679927
1046,attachment,Spree::Asset,398,1046,2020-09-14 14:35:04.564863
1048,video,Spree::Product,236,1048,2020-09-15 09:40:58.229886
1050,video,Spree::Product,1044,1050,2020-09-15 09:41:42.787845
1051,attachment,Spree::Asset,399,1051,2020-09-15 09:42:31.050573
1052,attachment,Spree::Asset,400,1052,2020-09-15 09:43:36.935956
1054,video,Spree::Product,955,1054,2020-09-15 09:43:57.911132
1056,video,Spree::Product,927,1056,2020-09-15 09:45:12.578044
1057,attachment,Spree::Asset,401,1057,2020-09-15 09:45:37.063016
1059,video,Spree::Product,1874,1059,2020-09-15 09:46:30.071617
1061,video,Spree::Product,1993,1061,2020-09-15 09:47:42.546215
1063,video,Spree::Product,1996,1063,2020-09-15 09:48:11.023860
1065,video,Spree::Product,1875,1065,2020-09-15 09:48:59.595304
1067,video,Spree::Product,1889,1067,2020-09-15 09:49:14.806407
1069,video,Spree::Product,2000,1069,2020-09-15 09:49:41.890137
1071,video,Spree::Product,239,1071,2020-09-15 09:50:23.418641
1073,video,Spree::Product,617,1073,2020-09-15 09:51:02.104145
1076,video,Spree::Product,492,1076,2020-09-15 09:52:35.308981
1080,video,Spree::Product,491,1080,2020-09-15 09:54:03.062145
1082,video,Spree::Product,189,1082,2020-09-15 09:54:43.328288
1086,video,Spree::Product,497,1086,2020-09-15 09:57:01.309233
1088,video,Spree::Product,495,1088,2020-09-15 09:57:30.892223
1090,video,Spree::Product,1738,1090,2020-09-15 09:59:13.920006
1092,video,Spree::Product,691,1092,2020-09-15 10:00:12.457892
1093,attachment,Spree::Asset,407,1093,2020-09-15 10:00:32.081236
1095,video,Spree::Product,627,1095,2020-09-15 10:03:29.793822
1097,video,Spree::Product,2288,1097,2020-09-15 10:04:12.089905
1100,video,Spree::Product,1500,1100,2020-09-15 10:06:02.071967
1102,video,Spree::Product,1501,1102,2020-09-15 10:06:34.823857
1104,video,Spree::Product,2480,1104,2020-09-15 10:12:25.872735
1106,video,Spree::Product,2481,1106,2020-09-15 10:15:06.024804
1108,video,Spree::Product,2482,1108,2020-09-15 10:16:48.369729
1110,video,Spree::Product,1525,1110,2020-09-15 10:17:24.485845
1112,video,Spree::Product,1518,1112,2020-09-15 10:17:57.037037
1114,video,Spree::Product,2287,1114,2020-09-15 10:18:28.869719
1116,video,Spree::Product,2028,1116,2020-09-15 10:19:25.453503
1122,video,Spree::Product,1787,1122,2020-09-15 13:50:32.496003
1124,video,Spree::Product,1494,1124,2020-09-15 13:53:00.192245
1126,video,Spree::Product,503,1126,2020-09-15 13:59:13.051335
1130,video,Spree::Product,502,1130,2020-09-15 14:07:25.962575
1132,video,Spree::Product,1596,1132,2020-09-15 14:44:24.572959
1134,video,Spree::Product,1593,1134,2020-09-15 14:45:40.798404
1136,video,Spree::Product,2086,1136,2020-09-15 14:46:30.496107
1138,video,Spree::Product,2036,1138,2020-09-15 14:48:47.772459
1140,video,Spree::Product,2071,1140,2020-09-15 14:52:53.084859
1143,video,Spree::Product,1740,1143,2020-09-15 14:55:02.419907
1145,video,Spree::Product,216,1145,2020-09-15 14:55:33.007116
1147,video,Spree::Product,219,1147,2020-09-15 14:55:56.573011
1149,video,Spree::Product,212,1149,2020-09-15 14:56:17.553570
1151,video,Spree::Product,213,1151,2020-09-15 14:56:41.032960
1162,attachment,Spree::Asset,160,1162,2020-09-17 09:14:05.000023
1163,attachment,Spree::Asset,418,1163,2020-09-17 09:14:11.641437
1164,attachment,Spree::Asset,419,1164,2020-09-17 09:14:17.711593
1165,attachment,Spree::Asset,301,1165,2020-09-17 09:16:55.288678
1166,attachment,Spree::Asset,420,1166,2020-09-17 09:17:01.230192
1167,attachment,Spree::Asset,421,1167,2020-09-17 09:18:27.678227
1168,attachment,Spree::Asset,422,1168,2020-09-17 09:18:35.174139
1169,attachment,Spree::Asset,423,1169,2020-09-17 09:21:35.504020
1170,attachment,Spree::Asset,424,1170,2020-09-17 09:21:41.134222
1171,attachment,Spree::Asset,425,1171,2020-09-17 09:23:29.345435
1172,attachment,Spree::Asset,426,1172,2020-09-17 09:23:38.512450
1173,attachment,Spree::Asset,427,1173,2020-09-17 09:24:58.748330
1174,attachment,Spree::Asset,428,1174,2020-09-17 09:25:04.579113
1175,attachment,Spree::Asset,206,1175,2020-09-17 09:27:39.174420
1176,attachment,Spree::Asset,203,1176,2020-09-17 09:29:28.734507
1177,attachment,Spree::Asset,429,1177,2020-09-17 09:29:38.305749
1178,attachment,Spree::Asset,430,1178,2020-09-17 09:43:27.139908
1179,attachment,Spree::Asset,431,1179,2020-09-17 09:43:35.523943
1180,attachment,Spree::Asset,232,1180,2020-09-17 09:44:04.800902
1181,attachment,Spree::Asset,432,1181,2020-09-17 09:44:13.258619
1182,attachment,Spree::Asset,433,1182,2020-09-17 09:47:17.688737
1183,attachment,Spree::Asset,380,1183,2020-09-17 10:35:31.477942
1184,attachment,Spree::Asset,434,1184,2020-09-17 10:35:45.008645
1185,attachment,Spree::Asset,379,1185,2020-09-17 10:36:12.948929
1186,attachment,Spree::Asset,435,1186,2020-09-17 10:36:23.481080
1187,attachment,Spree::Asset,436,1187,2020-09-17 10:37:53.728720
1188,attachment,Spree::Asset,437,1188,2020-09-17 10:38:00.072915
1189,attachment,Spree::Asset,88,1189,2020-09-17 10:38:44.047256
1190,attachment,Spree::Asset,438,1190,2020-09-17 10:39:52.605481
1191,attachment,Spree::Asset,239,1191,2020-09-17 10:40:56.146620
1192,attachment,Spree::Asset,439,1192,2020-09-17 10:41:09.062197
1193,attachment,Spree::Asset,300,1193,2020-09-17 10:42:02.996350
1194,attachment,Spree::Asset,440,1194,2020-09-17 10:42:11.746514
1195,attachment,Spree::Asset,316,1195,2020-09-17 10:43:53.254678
1196,attachment,Spree::Asset,441,1196,2020-09-17 10:44:01.069331
1197,attachment,Spree::Asset,442,1197,2020-09-17 10:44:08.642327
1198,attachment,Spree::Asset,443,1198,2020-09-17 10:44:16.781082
1199,attachment,Spree::Asset,444,1199,2020-09-17 10:47:37.810573
1200,attachment,Spree::Asset,445,1200,2020-09-17 10:47:44.571342
1201,attachment,Spree::Asset,446,1201,2020-09-17 10:50:50.635110
1202,attachment,Spree::Asset,447,1202,2020-09-17 10:51:07.452776
1203,attachment,Spree::Asset,448,1203,2020-09-17 10:52:10.994472
1204,attachment,Spree::Asset,449,1204,2020-09-17 10:52:18.151680
1205,attachment,Spree::Asset,450,1205,2020-09-17 11:18:04.167638
1206,attachment,Spree::Asset,451,1206,2020-09-17 11:18:10.736519
1207,attachment,Spree::Asset,452,1207,2020-09-17 11:20:25.379552
1208,attachment,Spree::Asset,453,1208,2020-09-17 11:24:03.727736
1209,attachment,Spree::Asset,454,1209,2020-09-17 11:25:20.141231
1210,attachment,Spree::Asset,455,1210,2020-09-17 11:25:29.886138
1211,attachment,Spree::Asset,456,1211,2020-09-17 11:28:35.433160
1212,attachment,Spree::Asset,457,1212,2020-09-17 11:28:42.352595
1213,attachment,Spree::Asset,458,1213,2020-09-17 11:28:50.769598
1214,attachment,Spree::Asset,459,1214,2020-09-17 11:29:06.160231
1215,attachment,Spree::Asset,460,1215,2020-09-17 11:29:18.509791
1216,attachment,Spree::Asset,461,1216,2020-09-17 11:29:25.471229
1217,attachment,Spree::Asset,180,1217,2020-09-17 11:31:12.927635
1218,attachment,Spree::Asset,462,1218,2020-09-17 12:49:50.883001
1219,attachment,Spree::Asset,463,1219,2020-09-17 12:49:58.454457
1220,attachment,Spree::Asset,464,1220,2020-09-17 12:50:08.221569
1221,attachment,Spree::Asset,465,1221,2020-09-17 12:50:38.903488
1222,attachment,Spree::Asset,466,1222,2020-09-17 12:51:09.931845
1223,attachment,Spree::Asset,467,1223,2020-09-17 12:51:18.847068
1224,attachment,Spree::Asset,275,1224,2020-09-17 12:52:58.786469
1225,attachment,Spree::Asset,468,1225,2020-09-17 12:53:06.273273
1226,attachment,Spree::Asset,469,1226,2020-09-17 12:54:54.887126
1227,attachment,Spree::Asset,470,1227,2020-09-17 12:55:07.489857
1228,attachment,Spree::Asset,471,1228,2020-09-17 12:56:04.459158
1229,attachment,Spree::Asset,472,1229,2020-09-17 12:56:11.051262
1230,attachment,Spree::Asset,473,1230,2020-09-17 12:56:52.657679
1231,attachment,Spree::Asset,474,1231,2020-09-17 13:03:48.899106
1232,attachment,Spree::Asset,475,1232,2020-09-17 13:03:57.531835
1233,attachment,Spree::Asset,476,1233,2020-09-17 13:04:58.591623
1234,attachment,Spree::Asset,477,1234,2020-09-17 13:05:30.880732
1235,attachment,Spree::Asset,478,1235,2020-09-17 13:06:58.220180
1236,attachment,Spree::Asset,479,1236,2020-09-17 13:07:06.230041
1237,attachment,Spree::Asset,480,1237,2020-09-17 13:12:50.729936
1238,attachment,Spree::Asset,481,1238,2020-09-17 13:13:24.350145
1239,attachment,Spree::Asset,482,1239,2020-09-17 13:15:01.418301
1240,attachment,Spree::Asset,483,1240,2020-09-18 08:34:29.573943
1242,attachment,Spree::Asset,485,1242,2020-09-18 08:37:24.387618
1243,attachment,Spree::Asset,486,1243,2020-09-18 08:38:18.583108
1244,attachment,Spree::Asset,487,1244,2020-09-18 08:38:49.169266
1245,attachment,Spree::Asset,488,1245,2020-09-18 08:38:55.767751
1246,attachment,Spree::Asset,489,1246,2020-09-18 08:40:56.777111
1247,attachment,Spree::Asset,490,1247,2020-09-18 08:43:06.499828
1248,attachment,Spree::Asset,411,1248,2020-09-18 08:47:46.597217
1249,attachment,Spree::Asset,491,1249,2020-09-18 08:47:53.197301
1250,attachment,Spree::Asset,405,1250,2020-09-18 08:48:34.103492
1251,attachment,Spree::Asset,492,1251,2020-09-18 08:48:56.662865
1252,attachment,Spree::Asset,395,1252,2020-09-18 08:49:36.077842
1253,attachment,Spree::Asset,493,1253,2020-09-18 08:49:46.945682
1254,attachment,Spree::Asset,320,1254,2020-09-18 08:53:00.055277
1255,attachment,Spree::Asset,494,1255,2020-09-18 08:53:19.385001
1256,attachment,Spree::Asset,495,1256,2020-09-18 08:55:26.324954
1257,attachment,Spree::Asset,496,1257,2020-09-18 08:55:33.417906
1258,attachment,Spree::Asset,393,1258,2020-09-18 08:55:43.227629
1259,attachment,Spree::Asset,497,1259,2020-09-18 08:55:51.134450
1260,attachment,Spree::Asset,498,1260,2020-09-18 08:57:30.091859
1261,attachment,Spree::Asset,499,1261,2020-09-18 08:57:35.800640
1262,attachment,Spree::Asset,412,1262,2020-09-18 08:58:16.306761
1263,attachment,Spree::Asset,500,1263,2020-09-18 08:58:23.521338
1264,attachment,Spree::Asset,501,1264,2020-09-18 08:58:51.473539
1265,attachment,Spree::Asset,502,1265,2020-09-18 08:58:58.851075
1266,attachment,Spree::Asset,406,1266,2020-09-18 09:01:57.249401
1267,attachment,Spree::Asset,503,1267,2020-09-18 09:02:28.658951
1268,attachment,Spree::Asset,394,1268,2020-09-18 09:03:01.291442
1269,attachment,Spree::Asset,504,1269,2020-09-18 09:03:10.165155
1270,attachment,Spree::Asset,505,1270,2020-09-18 09:03:31.793617
1271,attachment,Spree::Asset,506,1271,2020-09-18 09:03:37.916008
1272,attachment,Spree::Asset,507,1272,2020-09-18 09:05:38.019676
1273,attachment,Spree::Asset,404,1273,2020-09-18 09:07:01.506771
1274,attachment,Spree::Asset,321,1274,2020-09-18 09:09:01.033320
1275,attachment,Spree::Asset,508,1275,2020-09-18 09:09:31.585790
1276,attachment,Spree::Asset,509,1276,2020-09-18 09:10:59.125210
1277,attachment,Spree::Asset,510,1277,2020-09-18 09:11:16.457678
1278,attachment,Spree::Asset,403,1278,2020-09-18 09:11:44.435673
1279,attachment,Spree::Asset,511,1279,2020-09-18 09:12:42.540525
1280,attachment,Spree::Asset,512,1280,2020-09-18 09:13:05.376817
1281,attachment,Spree::Asset,513,1281,2020-09-18 09:16:08.042052
1282,attachment,Spree::Asset,514,1282,2020-09-18 09:18:42.991880
1283,attachment,Spree::Asset,515,1283,2020-09-18 09:20:11.736557
1284,attachment,Spree::Asset,516,1284,2020-09-18 09:21:10.262673
1285,attachment,Spree::Asset,517,1285,2020-09-18 09:21:17.132745
1286,attachment,Spree::Asset,518,1286,2020-09-18 10:07:30.577652
1287,attachment,Spree::Asset,519,1287,2020-09-18 10:07:58.969149
1288,attachment,Spree::Asset,520,1288,2020-09-18 10:08:27.993429
1289,attachment,Spree::Asset,521,1289,2020-09-18 10:09:12.052801
1290,attachment,Spree::Asset,522,1290,2020-09-18 10:12:37.787133
1291,attachment,Spree::Asset,523,1291,2020-09-18 10:13:09.034552
1292,attachment,Spree::Asset,524,1292,2020-09-18 10:13:29.641122
1293,attachment,Spree::Asset,525,1293,2020-09-18 10:19:31.203630
1294,attachment,Spree::Asset,526,1294,2020-09-18 10:20:41.781750
1295,attachment,Spree::Asset,527,1295,2020-09-18 10:22:57.592653
1296,attachment,Spree::Asset,528,1296,2020-09-18 11:21:06.118146
1297,attachment,Spree::Asset,529,1297,2020-09-18 11:21:44.403635
1298,attachment,Spree::Asset,530,1298,2020-09-18 11:23:59.468095
1299,attachment,Spree::Asset,531,1299,2020-09-18 11:40:41.295209
1300,attachment,Spree::Asset,532,1300,2020-09-18 11:41:16.713686
1301,attachment,Spree::Asset,533,1301,2020-09-18 11:42:07.609924
1302,attachment,Spree::Asset,534,1302,2020-09-18 11:42:49.590350
1303,attachment,Spree::Asset,535,1303,2020-09-18 11:43:40.871568
1304,attachment,Spree::Asset,536,1304,2020-09-18 11:43:50.134698
1305,attachment,Spree::Asset,537,1305,2020-09-18 11:43:58.908629
1306,attachment,Spree::Asset,538,1306,2020-09-18 11:44:32.957780
1307,attachment,Spree::Asset,539,1307,2020-09-18 11:45:47.299290
1308,attachment,Spree::Asset,540,1308,2020-09-18 11:46:46.742966
1309,attachment,Spree::Asset,402,1309,2020-09-18 11:47:58.159324
1310,attachment,Spree::Asset,541,1310,2020-09-18 11:48:05.959844
1311,attachment,Spree::Asset,542,1311,2020-09-18 11:48:13.947519
1312,attachment,Spree::Asset,543,1312,2020-09-18 11:48:26.341950
1313,attachment,Spree::Asset,544,1313,2020-09-18 11:48:35.069148
1314,attachment,Spree::Asset,545,1314,2020-09-18 11:48:45.816047
1315,attachment,Spree::Asset,546,1315,2020-09-18 11:48:52.274746
1316,attachment,Spree::Asset,547,1316,2020-09-18 11:48:59.091232
1317,attachment,Spree::Asset,548,1317,2020-09-18 11:49:35.808458
1318,attachment,Spree::Asset,549,1318,2020-09-18 11:49:43.471748
1319,attachment,Spree::Asset,550,1319,2020-09-18 11:49:50.644520
1320,attachment,Spree::Asset,551,1320,2020-09-18 11:49:57.869152
1321,attachment,Spree::Asset,552,1321,2020-09-18 11:50:08.774874
1322,attachment,Spree::Asset,553,1322,2020-09-18 11:52:14.466352
1323,attachment,Spree::Asset,554,1323,2020-09-18 11:52:34.873488
1324,attachment,Spree::Asset,555,1324,2020-09-18 11:54:00.121268
1325,attachment,Spree::Asset,556,1325,2020-09-18 11:55:04.829959
1326,attachment,Spree::Asset,251,1326,2020-09-18 11:55:27.347404
1328,attachment,Spree::Asset,252,1328,2020-09-18 11:56:07.093017
1329,attachment,Spree::Asset,557,1329,2020-09-18 11:58:50.799707
1330,attachment,Spree::Asset,558,1330,2020-09-18 11:59:28.481531
1331,attachment,Spree::Asset,559,1331,2020-09-18 11:59:35.130028
1332,attachment,Spree::Asset,560,1332,2020-09-18 12:00:17.015693
1333,attachment,Spree::Asset,561,1333,2020-09-18 12:02:30.832256
1334,attachment,Spree::Asset,562,1334,2020-09-18 12:03:12.564205
1335,attachment,Spree::Asset,563,1335,2020-09-18 12:04:29.497778
1336,attachment,Spree::Asset,564,1336,2020-09-18 12:04:36.466104
1337,attachment,Spree::Asset,565,1337,2020-09-18 13:46:13.392229
1338,attachment,Spree::Asset,566,1338,2020-09-18 13:46:22.954407
1339,attachment,Spree::Asset,567,1339,2020-09-18 13:48:31.756352
1340,attachment,Spree::Asset,568,1340,2020-09-18 13:48:38.494486
1341,attachment,Spree::Asset,569,1341,2020-09-18 13:48:55.728223
1342,attachment,Spree::Asset,570,1342,2020-09-18 13:49:00.970388
1343,attachment,Spree::Asset,571,1343,2020-09-18 13:49:17.699465
1344,attachment,Spree::Asset,572,1344,2020-09-18 13:49:24.391661
1345,attachment,Spree::Asset,573,1345,2020-09-18 13:50:38.124872
1346,attachment,Spree::Asset,574,1346,2020-09-18 13:50:44.000647
1347,attachment,Spree::Asset,575,1347,2020-09-18 13:51:53.787016
1348,attachment,Spree::Asset,576,1348,2020-09-18 13:52:00.890790
1349,attachment,Spree::Asset,577,1349,2020-09-18 13:52:37.064767
1350,attachment,Spree::Asset,578,1350,2020-09-18 13:52:44.743446
1351,attachment,Spree::Asset,579,1351,2020-09-18 13:54:04.211886
1352,attachment,Spree::Asset,580,1352,2020-09-18 13:54:12.412113
1353,attachment,Spree::Asset,581,1353,2020-09-18 13:54:50.178672
1354,attachment,Spree::Asset,582,1354,2020-09-18 13:54:55.236924
1355,attachment,Spree::Asset,583,1355,2020-09-18 13:56:02.533456
1357,attachment,Spree::Asset,585,1357,2020-09-18 13:59:37.836130
1358,attachment,Spree::Asset,586,1358,2020-09-18 14:01:18.256286
1359,attachment,Spree::Asset,587,1359,2020-09-21 07:20:12.216674
1360,attachment,Spree::Asset,588,1360,2020-09-21 07:20:26.871588
1361,attachment,Spree::Asset,589,1361,2020-09-21 07:20:59.179519
1362,attachment,Spree::Asset,590,1362,2020-09-21 07:21:46.761670
1363,attachment,Spree::Asset,591,1363,2020-09-21 07:21:55.765227
1364,attachment,Spree::Asset,592,1364,2020-09-21 07:33:56.743218
1365,attachment,Spree::Asset,593,1365,2020-09-21 07:35:55.047501
1366,attachment,Spree::Asset,594,1366,2020-09-21 07:36:17.675786
1367,attachment,Spree::Asset,595,1367,2020-09-21 07:37:20.985647
1368,attachment,Spree::Asset,596,1368,2020-09-21 08:07:49.426334
1369,attachment,Spree::Asset,597,1369,2020-09-21 08:09:23.771112
1370,attachment,Spree::Asset,598,1370,2020-09-21 08:10:52.509602
1371,attachment,Spree::Asset,599,1371,2020-09-21 08:12:01.630437
1372,attachment,Spree::Asset,600,1372,2020-09-21 08:18:09.591484
1373,attachment,Spree::Asset,601,1373,2020-09-21 08:36:07.764122
1374,attachment,Spree::Asset,602,1374,2020-09-21 08:41:41.274569
1375,attachment,Spree::Asset,603,1375,2020-09-21 08:42:04.505498
1376,attachment,Spree::Asset,604,1376,2020-09-21 08:43:02.096442
1377,attachment,Spree::Asset,605,1377,2020-09-21 08:43:35.842246
1378,attachment,Spree::Asset,606,1378,2020-09-21 08:45:20.485822
1379,attachment,Spree::Asset,607,1379,2020-09-21 09:03:10.928013
1380,attachment,Spree::Asset,608,1380,2020-09-21 09:05:36.048532
1381,attachment,Spree::Asset,609,1381,2020-09-21 11:26:38.164899
1384,attachment,Spree::Asset,612,1384,2020-09-22 12:44:16.706984
1385,attachment,Spree::Asset,613,1385,2020-09-22 12:44:44.969506
1386,attachment,Spree::Asset,614,1386,2020-09-22 12:45:29.369930
1387,attachment,Spree::Asset,615,1387,2020-09-22 12:47:43.784445
1388,attachment,Spree::Asset,616,1388,2020-09-22 12:48:13.120246
1389,attachment,Spree::Asset,617,1389,2020-09-22 12:49:38.110597
1390,attachment,Spree::Asset,618,1390,2020-09-22 12:49:49.670556
1391,attachment,Spree::Asset,619,1391,2020-09-22 12:54:04.678009
1392,attachment,Spree::Asset,620,1392,2020-09-22 12:54:34.562088
1393,attachment,Spree::Asset,302,1393,2020-09-22 12:57:08.659894
1394,attachment,Spree::Asset,621,1394,2020-09-22 12:57:38.255139
1395,attachment,Spree::Asset,144,1395,2020-09-22 13:01:12.017065
1396,attachment,Spree::Asset,622,1396,2020-09-22 13:06:12.085634
1397,attachment,Spree::Asset,623,1397,2020-09-22 13:06:44.744489
1398,attachment,Spree::Asset,624,1398,2020-09-22 13:07:35.010822
1399,attachment,Spree::Asset,625,1399,2020-09-22 13:08:27.150177
1400,attachment,Spree::Asset,626,1400,2020-09-22 13:11:24.723680
1401,attachment,Spree::Asset,627,1401,2020-09-22 13:11:48.061454
1402,attachment,Spree::Asset,628,1402,2020-09-22 13:12:34.339829
1403,attachment,Spree::Asset,629,1403,2020-09-22 13:13:10.604070
1404,attachment,Spree::Asset,630,1404,2020-09-22 13:14:30.965956
1405,attachment,Spree::Asset,631,1405,2020-09-22 13:15:25.125193
1406,attachment,Spree::Asset,632,1406,2020-09-22 13:16:04.179304
1407,attachment,Spree::Asset,633,1407,2020-09-22 13:17:46.227103
1408,attachment,Spree::Asset,634,1408,2020-09-22 13:18:22.573323
1409,attachment,Spree::Asset,635,1409,2020-09-22 13:18:40.152731
1410,attachment,Spree::Asset,636,1410,2020-09-22 13:19:02.664995
1411,attachment,Spree::Asset,637,1411,2020-09-22 13:19:13.196721
1412,attachment,Spree::Asset,638,1412,2020-09-22 13:19:41.699659
1413,attachment,Spree::Asset,639,1413,2020-09-22 13:20:29.935774
1414,attachment,Spree::Asset,392,1414,2020-09-22 13:21:09.207057
1415,attachment,Spree::Asset,640,1415,2020-09-22 13:22:29.542935
1416,attachment,Spree::Asset,641,1416,2020-09-22 13:22:56.369381
1417,attachment,Spree::Asset,642,1417,2020-09-22 13:24:29.371579
1418,attachment,Spree::Asset,643,1418,2020-09-22 13:25:11.635455
1419,attachment,Spree::Asset,644,1419,2020-09-22 13:26:33.090550
1420,attachment,Spree::Asset,268,1420,2020-09-22 13:28:02.556721
1421,attachment,Spree::Asset,645,1421,2020-09-22 13:30:34.530910
1422,attachment,Spree::Asset,646,1422,2020-09-22 13:31:08.140612
1423,attachment,Spree::Asset,647,1423,2020-09-22 13:32:39.762121
1424,attachment,Spree::Asset,648,1424,2020-09-22 13:32:56.604674
1426,attachment,Spree::Asset,235,1426,2020-09-22 13:34:41.165018
1428,attachment,Spree::Asset,391,1428,2020-09-22 13:35:36.110405
1429,attachment,Spree::Asset,649,1429,2020-09-22 13:36:52.928759
1430,attachment,Spree::Asset,650,1430,2020-09-22 13:36:56.830890
1431,attachment,Spree::Asset,216,1431,2020-09-22 13:37:20.921187
1432,attachment,Spree::Asset,651,1432,2020-09-22 13:37:26.654308
1433,attachment,Spree::Asset,652,1433,2020-09-22 13:38:18.938161
1434,attachment,Spree::Asset,653,1434,2020-09-22 13:38:23.351283
1435,attachment,Spree::Asset,654,1435,2020-09-22 13:38:31.112346
1436,attachment,Spree::Asset,655,1436,2020-09-22 13:38:36.310338
1437,attachment,Spree::Asset,189,1437,2020-09-22 13:38:44.505398
1438,attachment,Spree::Asset,656,1438,2020-09-22 13:38:50.630098
1439,attachment,Spree::Asset,657,1439,2020-09-22 13:39:26.217804
1440,attachment,Spree::Asset,658,1440,2020-09-22 13:39:30.633116
1441,attachment,Spree::Asset,659,1441,2020-09-22 13:39:34.229382
1442,attachment,Spree::Asset,660,1442,2020-09-22 13:39:50.860820
1443,attachment,Spree::Asset,661,1443,2020-09-22 13:39:54.518606
1444,attachment,Spree::Asset,662,1444,2020-09-22 13:39:57.937091
1445,attachment,Spree::Asset,322,1445,2020-09-22 13:40:39.672008
1446,attachment,Spree::Asset,663,1446,2020-09-22 13:40:48.047841
1447,attachment,Spree::Asset,664,1447,2020-09-22 13:47:53.314649
1448,attachment,Spree::Asset,665,1448,2020-09-22 13:47:58.136296
1449,attachment,Spree::Asset,666,1449,2020-09-22 13:48:06.349094
1450,attachment,Spree::Asset,667,1450,2020-09-22 13:48:11.991460
1451,attachment,Spree::Asset,668,1451,2020-09-22 13:52:16.469804
1452,attachment,Spree::Asset,388,1452,2020-09-22 14:05:06.913650
1453,attachment,Spree::Asset,669,1453,2020-09-22 14:05:12.102858
1454,attachment,Spree::Asset,670,1454,2020-09-22 14:05:42.379883
1455,attachment,Spree::Asset,671,1455,2020-09-22 14:06:30.726075
1456,attachment,Spree::Asset,672,1456,2020-09-22 14:06:37.436645
1457,attachment,Spree::Asset,673,1457,2020-09-22 14:06:45.316612
1458,attachment,Spree::Asset,413,1458,2020-09-22 14:07:08.774365
1459,attachment,Spree::Asset,674,1459,2020-09-22 14:07:18.674550
1460,attachment,Spree::Asset,675,1460,2020-09-22 14:08:02.564493
1461,attachment,Spree::Asset,676,1461,2020-09-22 14:08:08.596356
1462,attachment,Spree::Asset,187,1462,2020-09-22 14:08:59.422855
1463,attachment,Spree::Asset,188,1463,2020-09-22 14:09:54.612313
1464,attachment,Spree::Asset,677,1464,2020-09-23 08:30:28.253187
1465,attachment,Spree::Asset,678,1465,2020-09-23 08:30:38.756315
1466,attachment,Spree::Asset,679,1466,2020-09-23 08:31:59.795775
1467,attachment,Spree::Asset,680,1467,2020-09-23 08:32:06.379276
1468,attachment,Spree::Asset,681,1468,2020-09-23 08:32:27.545180
1469,attachment,Spree::Asset,682,1469,2020-09-23 08:34:27.794692
1470,attachment,Spree::Asset,387,1470,2020-09-23 08:36:08.212898
1471,attachment,Spree::Asset,683,1471,2020-09-23 08:36:14.933262
1472,attachment,Spree::Asset,384,1472,2020-09-23 08:36:29.766764
1473,attachment,Spree::Asset,684,1473,2020-09-23 08:36:38.841166
1474,attachment,Spree::Asset,685,1474,2020-09-23 08:37:07.274212
1475,attachment,Spree::Asset,386,1475,2020-09-23 08:37:45.829634
1476,attachment,Spree::Asset,381,1476,2020-09-23 08:38:38.237251
1477,attachment,Spree::Asset,686,1477,2020-09-23 08:38:46.477947
1478,attachment,Spree::Asset,382,1478,2020-09-23 08:38:55.309533
1479,attachment,Spree::Asset,687,1479,2020-09-23 08:39:01.220550
1480,attachment,Spree::Asset,229,1480,2020-09-23 08:39:56.197845
1481,attachment,Spree::Asset,688,1481,2020-09-23 08:40:07.221072
1482,attachment,Spree::Asset,689,1482,2020-09-23 08:40:32.679483
1483,attachment,Spree::Asset,228,1483,2020-09-23 08:41:03.922576
1484,attachment,Spree::Asset,690,1484,2020-09-23 08:41:14.500830
1485,attachment,Spree::Asset,691,1485,2020-09-23 08:49:14.694475
1486,attachment,Spree::Asset,692,1486,2020-09-23 10:03:36.561073
1487,attachment,Spree::Asset,693,1487,2020-09-23 10:03:52.011703
1488,attachment,Spree::Asset,694,1488,2020-09-23 10:04:22.269985
1489,attachment,Spree::Asset,695,1489,2020-09-23 10:04:31.870454
1490,attachment,Spree::Asset,34,1490,2020-09-23 10:05:37.950016
1491,attachment,Spree::Asset,696,1491,2020-09-23 10:05:45.268329
1493,attachment,Spree::Asset,179,1493,2020-09-23 10:07:26.925136
1494,attachment,Spree::Asset,269,1494,2020-09-23 10:08:16.435997
1495,attachment,Spree::Asset,698,1495,2020-09-23 10:09:06.695198
1496,attachment,Spree::Asset,699,1496,2020-09-23 10:15:34.913415
1497,attachment,Spree::Asset,700,1497,2020-09-23 10:15:41.910600
1498,attachment,Spree::Asset,701,1498,2020-09-23 10:15:49.102962
1499,attachment,Spree::Asset,702,1499,2020-09-23 10:17:14.073408
1500,attachment,Spree::Asset,703,1500,2020-09-23 10:17:19.813253
1501,attachment,Spree::Asset,704,1501,2020-09-23 10:18:43.301561
1502,attachment,Spree::Asset,96,1502,2020-09-23 10:19:26.580617
1503,attachment,Spree::Asset,705,1503,2020-09-23 10:19:34.984751
1504,attachment,Spree::Asset,383,1504,2020-09-23 10:23:20.295877
1505,attachment,Spree::Asset,706,1505,2020-09-23 10:23:30.076877
1506,attachment,Spree::Asset,385,1506,2020-09-23 10:24:07.108466
1507,attachment,Spree::Asset,307,1507,2020-09-23 10:26:22.648242
1508,attachment,Spree::Asset,306,1508,2020-09-23 10:26:49.329939
1509,attachment,Spree::Asset,367,1509,2020-09-23 10:27:21.817944
1510,attachment,Spree::Asset,368,1510,2020-09-23 10:28:22.160592
1511,attachment,Spree::Asset,308,1511,2020-09-23 10:29:05.981058
1512,attachment,Spree::Asset,309,1512,2020-09-23 10:29:35.435657
1513,attachment,Spree::Asset,707,1513,2020-09-23 10:30:18.370420
1514,attachment,Spree::Asset,708,1514,2020-09-23 10:31:01.702248
1515,attachment,Spree::Asset,709,1515,2020-09-23 10:31:29.615113
1516,attachment,Spree::Asset,710,1516,2020-09-23 10:31:37.432689
1517,attachment,Spree::Asset,177,1517,2020-09-23 10:32:03.963133
1518,attachment,Spree::Asset,711,1518,2020-09-23 10:33:59.407437
1519,attachment,Spree::Asset,273,1519,2020-09-23 10:34:39.345276
1520,attachment,Spree::Asset,272,1520,2020-09-23 10:35:13.749883
1521,attachment,Spree::Asset,712,1521,2020-09-23 10:35:22.487175
1522,attachment,Spree::Asset,713,1522,2020-09-23 10:37:05.817648
1523,attachment,Spree::Asset,714,1523,2020-09-23 10:37:15.301197
1524,attachment,Spree::Asset,178,1524,2020-09-23 10:37:56.172784
1525,attachment,Spree::Asset,715,1525,2020-09-23 10:38:05.512487
1526,attachment,Spree::Asset,716,1526,2020-09-23 10:40:41.330479
1527,attachment,Spree::Asset,717,1527,2020-09-23 10:40:51.854380
1528,attachment,Spree::Asset,181,1528,2020-09-23 10:41:31.624925
1529,attachment,Spree::Asset,718,1529,2020-09-23 10:41:39.861618
1530,attachment,Spree::Asset,183,1530,2020-09-23 10:42:37.774000
1531,attachment,Spree::Asset,182,1531,2020-09-23 10:43:31.960300
1532,attachment,Spree::Asset,719,1532,2020-09-23 10:43:40.933306
1533,attachment,Spree::Asset,720,1533,2020-09-23 10:44:11.659333
1534,attachment,Spree::Asset,184,1534,2020-09-23 10:44:33.738726
1535,attachment,Spree::Asset,721,1535,2020-09-23 10:45:08.674573
1536,attachment,Spree::Asset,722,1536,2020-09-23 10:45:17.549446
1537,attachment,Spree::Asset,365,1537,2020-09-23 10:46:28.849122
1538,attachment,Spree::Asset,723,1538,2020-09-23 10:46:36.971171
1539,attachment,Spree::Asset,724,1539,2020-09-23 10:47:02.099233
1540,attachment,Spree::Asset,725,1540,2020-09-23 10:47:11.534732
1541,attachment,Spree::Asset,726,1541,2020-09-23 10:47:20.051899
1542,attachment,Spree::Asset,727,1542,2020-09-23 11:50:44.754072
1543,attachment,Spree::Asset,396,1543,2020-09-23 12:20:47.776511
1544,attachment,Spree::Asset,728,1544,2020-09-23 12:24:35.997513
1545,attachment,Spree::Asset,729,1545,2020-09-23 12:24:45.862306
1546,attachment,Spree::Asset,271,1546,2020-09-23 12:25:21.957750
1547,attachment,Spree::Asset,730,1547,2020-09-23 12:25:35.218306
1548,attachment,Spree::Asset,731,1548,2020-09-23 12:26:03.769186
1549,attachment,Spree::Asset,374,1549,2020-09-23 12:26:36.030262
1550,attachment,Spree::Asset,732,1550,2020-09-23 12:26:44.272347
1551,attachment,Spree::Asset,733,1551,2020-09-23 12:28:14.293321
1552,attachment,Spree::Asset,734,1552,2020-09-23 12:28:22.385196
1553,attachment,Spree::Asset,735,1553,2020-09-23 12:28:50.026006
1554,attachment,Spree::Asset,736,1554,2020-09-23 12:29:04.497684
1555,attachment,Spree::Asset,737,1555,2020-09-23 12:31:01.201093
1556,attachment,Spree::Asset,738,1556,2020-09-23 12:31:09.666273
1557,attachment,Spree::Asset,739,1557,2020-09-23 12:31:37.781399
1558,attachment,Spree::Asset,740,1558,2020-09-23 12:31:46.793355
1559,attachment,Spree::Asset,364,1559,2020-09-23 12:33:07.185819
1560,attachment,Spree::Asset,741,1560,2020-09-23 12:33:15.274329
1561,attachment,Spree::Asset,742,1561,2020-09-23 12:33:26.094616
1562,attachment,Spree::Asset,743,1562,2020-09-23 12:33:34.801024
1563,attachment,Spree::Asset,744,1563,2020-09-23 12:34:20.736035
1564,attachment,Spree::Asset,745,1564,2020-09-23 12:34:30.871947
1565,attachment,Spree::Asset,746,1565,2020-09-23 12:34:59.538538
1566,attachment,Spree::Asset,747,1566,2020-09-23 12:35:14.415270
1567,attachment,Spree::Asset,748,1567,2020-09-23 12:36:13.911698
1568,attachment,Spree::Asset,749,1568,2020-09-23 12:36:21.565194
1569,attachment,Spree::Asset,376,1569,2020-09-23 12:36:51.280806
1570,attachment,Spree::Asset,750,1570,2020-09-23 12:37:01.968269
1571,attachment,Spree::Asset,231,1571,2020-09-23 12:38:53.413412
1572,attachment,Spree::Asset,751,1572,2020-09-23 12:39:03.878506
1573,attachment,Spree::Asset,752,1573,2020-09-23 12:40:04.938240
1574,attachment,Spree::Asset,753,1574,2020-09-23 12:40:15.120909
1575,attachment,Spree::Asset,389,1575,2020-09-23 12:41:03.384236
1576,attachment,Spree::Asset,754,1576,2020-09-23 12:41:12.690822
1577,attachment,Spree::Asset,755,1577,2020-09-23 12:43:24.284777
1578,attachment,Spree::Asset,756,1578,2020-09-23 12:43:34.525752
1579,attachment,Spree::Asset,378,1579,2020-09-23 12:43:46.709826
1580,attachment,Spree::Asset,757,1580,2020-09-23 12:43:54.717214
1581,attachment,Spree::Asset,758,1581,2020-09-23 12:44:05.243032
1582,attachment,Spree::Asset,759,1582,2020-09-23 12:44:13.205928
1583,attachment,Spree::Asset,760,1583,2020-09-23 12:44:22.782680
1584,attachment,Spree::Asset,761,1584,2020-09-23 12:44:31.551071
1585,attachment,Spree::Asset,762,1585,2020-09-23 12:47:04.103674
1586,attachment,Spree::Asset,763,1586,2020-09-23 12:47:13.185829
1587,attachment,Spree::Asset,764,1587,2020-09-23 12:47:22.034452
1588,attachment,Spree::Asset,765,1588,2020-09-23 12:48:16.896530
1589,attachment,Spree::Asset,766,1589,2020-09-23 12:48:25.310429
1590,attachment,Spree::Asset,767,1590,2020-09-23 12:48:32.909434
1591,attachment,Spree::Asset,768,1591,2020-09-23 12:49:03.090945
1592,attachment,Spree::Asset,769,1592,2020-09-23 12:49:12.256034
1593,attachment,Spree::Asset,770,1593,2020-09-23 12:53:33.304844
1594,attachment,Spree::Asset,390,1594,2020-09-23 12:54:37.576757
1595,attachment,Spree::Asset,771,1595,2020-09-23 12:54:47.808535
1596,attachment,Spree::Asset,772,1596,2020-09-23 12:55:39.563622
1597,attachment,Spree::Asset,773,1597,2020-09-23 12:55:53.496233
1598,attachment,Spree::Asset,774,1598,2020-09-23 12:57:39.583080
1599,attachment,Spree::Asset,775,1599,2020-09-23 12:57:47.770521
1600,attachment,Spree::Asset,315,1600,2020-09-23 12:58:18.531708
1601,attachment,Spree::Asset,776,1601,2020-09-23 12:58:28.087606
1602,attachment,Spree::Asset,317,1602,2020-09-23 13:00:37.826326
1603,attachment,Spree::Asset,777,1603,2020-09-23 13:00:47.727965
1604,attachment,Spree::Asset,778,1604,2020-09-23 13:02:11.362646
1605,attachment,Spree::Asset,779,1605,2020-09-23 13:02:22.113015
1606,attachment,Spree::Asset,780,1606,2020-09-23 13:02:35.402045
1607,attachment,Spree::Asset,781,1607,2020-09-23 13:02:45.120868
1608,attachment,Spree::Asset,782,1608,2020-09-23 13:02:56.159551
1609,attachment,Spree::Asset,783,1609,2020-09-23 13:03:04.625091
1610,attachment,Spree::Asset,784,1610,2020-09-23 13:04:06.990421
1611,attachment,Spree::Asset,785,1611,2020-09-23 13:04:21.299286
1612,attachment,Spree::Asset,786,1612,2020-09-23 13:06:21.149737
1613,attachment,Spree::Asset,787,1613,2020-09-23 13:06:50.295221
1614,attachment,Spree::Asset,788,1614,2020-09-23 13:07:17.397953
1615,attachment,Spree::Asset,789,1615,2020-09-23 13:07:28.178564
1616,attachment,Spree::Asset,790,1616,2020-09-23 13:23:22.486595
1617,attachment,Spree::Asset,234,1617,2020-09-24 07:39:31.274850
1618,attachment,Spree::Asset,791,1618,2020-09-24 07:40:22.559596
1619,attachment,Spree::Asset,792,1619,2020-09-24 07:40:37.239154
1620,attachment,Spree::Asset,215,1620,2020-09-24 07:42:34.667216
1621,attachment,Spree::Asset,793,1621,2020-09-24 07:42:52.890878
1624,attachment,Spree::Asset,279,1624,2020-09-24 07:43:53.064802
1625,attachment,Spree::Asset,795,1625,2020-09-24 07:44:04.670515
1626,attachment,Spree::Asset,305,1626,2020-09-24 07:49:13.551163
1627,attachment,Spree::Asset,796,1627,2020-09-24 07:49:26.053448
1628,attachment,Spree::Asset,797,1628,2020-09-24 07:49:36.994591
1629,attachment,Spree::Asset,408,1629,2020-09-24 07:50:10.458876
1630,attachment,Spree::Asset,798,1630,2020-09-24 07:50:22.176472
1631,attachment,Spree::Asset,799,1631,2020-09-24 07:50:34.307912
1632,attachment,Spree::Asset,800,1632,2020-09-24 07:56:11.959586
1633,attachment,Spree::Asset,801,1633,2020-09-24 07:56:20.188370
1634,attachment,Spree::Asset,802,1634,2020-09-24 07:56:29.750393
1635,attachment,Spree::Asset,803,1635,2020-09-24 07:57:23.655460
1636,attachment,Spree::Asset,804,1636,2020-09-24 07:57:34.940746
1637,attachment,Spree::Asset,313,1637,2020-09-24 07:57:56.185651
1638,attachment,Spree::Asset,805,1638,2020-09-24 07:58:06.004973
1639,attachment,Spree::Asset,314,1639,2020-09-24 07:58:31.282321
1640,attachment,Spree::Asset,806,1640,2020-09-24 07:58:43.887220
1641,attachment,Spree::Asset,311,1641,2020-09-24 08:00:04.295596
1642,attachment,Spree::Asset,807,1642,2020-09-24 08:00:14.415131
1643,attachment,Spree::Asset,312,1643,2020-09-24 08:00:39.918358
1644,attachment,Spree::Asset,808,1644,2020-09-24 08:00:49.278112
1645,attachment,Spree::Asset,299,1645,2020-09-24 08:01:25.172889
1646,attachment,Spree::Asset,809,1646,2020-09-24 08:01:35.007962
1647,attachment,Spree::Asset,810,1647,2020-09-24 08:02:35.025191
1648,attachment,Spree::Asset,811,1648,2020-09-24 08:02:49.222118
1653,attachment,Spree::Asset,167,1653,2020-09-24 08:07:43.134117
1654,attachment,Spree::Asset,816,1654,2020-09-24 08:07:58.504168
1655,attachment,Spree::Asset,157,1655,2020-09-24 08:08:51.716173
1656,attachment,Spree::Asset,817,1656,2020-09-24 08:08:59.885137
1657,attachment,Spree::Asset,156,1657,2020-09-24 08:09:11.146389
1658,attachment,Spree::Asset,818,1658,2020-09-24 08:09:20.489093
1659,attachment,Spree::Asset,171,1659,2020-09-24 08:10:30.019230
1660,attachment,Spree::Asset,819,1660,2020-09-24 08:10:47.410613
1661,attachment,Spree::Asset,814,1661,2020-09-24 08:12:31.948964
1662,attachment,Spree::Asset,815,1662,2020-09-24 08:12:46.847439
1663,attachment,Spree::Asset,214,1663,2020-09-24 08:14:32.110359
1664,attachment,Spree::Asset,820,1664,2020-09-24 08:14:43.145246
1667,attachment,Spree::Asset,822,1667,2020-09-24 08:18:52.606354
1668,attachment,Spree::Asset,823,1668,2020-09-24 08:19:00.145509
1669,attachment,Spree::Asset,824,1669,2020-09-24 08:20:01.909140
1670,attachment,Spree::Asset,825,1670,2020-09-24 08:20:13.351032
1671,attachment,Spree::Asset,826,1671,2020-09-24 08:20:35.805562
1672,attachment,Spree::Asset,827,1672,2020-09-24 08:20:45.008853
1673,attachment,Spree::Asset,828,1673,2020-09-24 08:21:42.782975
1674,attachment,Spree::Asset,829,1674,2020-09-24 08:21:52.457536
1675,attachment,Spree::Asset,253,1675,2020-09-24 08:22:19.552285
1676,attachment,Spree::Asset,830,1676,2020-09-24 08:23:52.509723
1677,attachment,Spree::Asset,66,1677,2020-09-24 08:26:16.364821
1678,attachment,Spree::Asset,831,1678,2020-09-24 08:26:38.870358
1679,attachment,Spree::Asset,832,1679,2020-09-24 08:37:24.041978
1680,attachment,Spree::Asset,833,1680,2020-09-24 08:37:28.172360
1681,attachment,Spree::Asset,834,1681,2020-09-24 08:37:47.462069
1682,attachment,Spree::Asset,835,1682,2020-09-24 08:39:34.538739
1683,attachment,Spree::Asset,836,1683,2020-09-24 08:39:41.080067
1684,attachment,Spree::Asset,837,1684,2020-09-24 08:39:46.266549
1685,attachment,Spree::Asset,838,1685,2020-09-24 08:39:51.734939
1686,attachment,Spree::Asset,839,1686,2020-09-24 08:39:58.086754
1687,attachment,Spree::Asset,840,1687,2020-09-24 08:40:02.373911
1688,attachment,Spree::Asset,841,1688,2020-09-24 08:41:02.091309
1689,attachment,Spree::Asset,842,1689,2020-09-24 08:41:30.962326
1690,attachment,Spree::Asset,843,1690,2020-09-24 08:45:14.280972
1691,attachment,Spree::Asset,844,1691,2020-09-24 08:46:12.174400
1692,attachment,Spree::Asset,845,1692,2020-09-24 08:46:19.613704
1693,attachment,Spree::Asset,846,1693,2020-09-24 08:46:27.283474
1694,attachment,Spree::Asset,847,1694,2020-09-24 08:46:34.212846
1695,attachment,Spree::Asset,848,1695,2020-09-24 08:46:38.981925
1696,attachment,Spree::Asset,849,1696,2020-09-24 08:46:44.017390
1697,attachment,Spree::Asset,850,1697,2020-09-24 08:46:52.535353
1698,attachment,Spree::Asset,851,1698,2020-09-24 08:46:57.870072
1699,attachment,Spree::Asset,852,1699,2020-09-24 08:47:02.418689
1700,attachment,Spree::Asset,853,1700,2020-09-24 09:03:05.986893
1701,attachment,Spree::Asset,854,1701,2020-09-24 09:04:10.396265
1702,attachment,Spree::Asset,855,1702,2020-09-24 09:04:32.328731
1703,attachment,Spree::Asset,697,1703,2020-09-24 09:08:47.398108
1704,attachment,Spree::Asset,856,1704,2020-09-24 09:08:58.839817
1705,attachment,Spree::Asset,857,1705,2020-09-24 09:09:31.140768
1706,attachment,Spree::Asset,858,1706,2020-09-24 09:09:57.261650
1707,attachment,Spree::Asset,859,1707,2020-09-24 09:11:15.256499
1708,attachment,Spree::Asset,860,1708,2020-09-24 09:11:21.077510
1709,attachment,Spree::Asset,861,1709,2020-09-24 09:11:28.702450
1710,attachment,Spree::Asset,862,1710,2020-09-24 09:11:33.996495
1711,attachment,Spree::Asset,863,1711,2020-09-24 09:11:41.290279
1712,attachment,Spree::Asset,864,1712,2020-09-24 09:11:46.183019
1713,attachment,Spree::Asset,865,1713,2020-09-24 09:12:22.902897
1714,attachment,Spree::Asset,866,1714,2020-09-24 09:12:28.935299
1715,attachment,Spree::Asset,867,1715,2020-09-24 09:13:00.742362
1716,attachment,Spree::Asset,868,1716,2020-09-24 09:13:08.498664
1717,attachment,Spree::Asset,869,1717,2020-09-24 09:15:59.541308
1718,attachment,Spree::Asset,870,1718,2020-09-24 12:53:30.562206
1719,attachment,Spree::Asset,871,1719,2020-09-24 12:53:57.659304
1720,attachment,Spree::Asset,872,1720,2020-09-24 13:00:52.183299
1721,attachment,Spree::Asset,873,1721,2020-09-24 13:02:35.547514
1722,attachment,Spree::Asset,874,1722,2020-09-24 13:02:43.097701
1723,attachment,Spree::Asset,373,1723,2020-09-24 13:05:14.966187
1724,attachment,Spree::Asset,875,1724,2020-09-24 13:05:21.874394
1725,attachment,Spree::Asset,230,1725,2020-09-24 13:09:41.057685
1726,attachment,Spree::Asset,876,1726,2020-09-24 13:09:51.036450
1727,attachment,Spree::Asset,877,1727,2020-09-24 13:25:48.891976
1728,attachment,Spree::Asset,878,1728,2020-09-24 13:25:56.497671
1731,attachment,Spree::Asset,213,1731,2020-09-24 13:36:14.722152
1732,attachment,Spree::Asset,881,1732,2020-09-24 13:36:22.406884
1733,attachment,Spree::Asset,882,1733,2020-09-24 13:37:06.348142
1734,attachment,Spree::Asset,883,1734,2020-09-24 13:37:12.077913
1735,attachment,Spree::Asset,884,1735,2020-09-24 13:39:36.899431
1736,attachment,Spree::Asset,885,1736,2020-09-24 13:39:46.125990
1737,attachment,Spree::Asset,886,1737,2020-09-24 13:40:51.706295
1738,attachment,Spree::Asset,887,1738,2020-09-24 13:40:58.876544
1739,attachment,Spree::Asset,888,1739,2020-09-24 13:41:56.442039
1740,attachment,Spree::Asset,889,1740,2020-09-24 13:43:02.934294
1741,attachment,Spree::Asset,890,1741,2020-09-24 13:44:22.942291
1742,attachment,Spree::Asset,891,1742,2020-09-25 07:31:11.669104
1743,attachment,Spree::Asset,892,1743,2020-09-25 07:33:46.064860
1744,attachment,Spree::Asset,893,1744,2020-09-25 07:35:09.178749
1745,attachment,Spree::Asset,894,1745,2020-09-25 07:36:22.487689
1746,attachment,Spree::Asset,895,1746,2020-09-25 07:36:56.076969
1747,attachment,Spree::Asset,896,1747,2020-09-25 07:37:56.362197
1748,attachment,Spree::Asset,897,1748,2020-09-25 07:38:02.800402
1749,attachment,Spree::Asset,898,1749,2020-09-25 07:38:53.478791
1750,attachment,Spree::Asset,899,1750,2020-09-25 07:40:00.107776
1751,attachment,Spree::Asset,900,1751,2020-09-25 07:40:58.407392
1752,attachment,Spree::Asset,901,1752,2020-09-25 07:41:07.507919
1753,attachment,Spree::Asset,902,1753,2020-09-25 07:41:30.530574
1754,attachment,Spree::Asset,903,1754,2020-09-25 07:41:55.461470
1755,attachment,Spree::Asset,904,1755,2020-09-25 07:45:22.859216
1756,attachment,Spree::Asset,905,1756,2020-09-25 07:46:29.651969
1757,attachment,Spree::Asset,906,1757,2020-09-25 07:47:26.757630
1758,attachment,Spree::Asset,907,1758,2020-09-25 07:47:44.775691
1759,attachment,Spree::Asset,908,1759,2020-09-25 07:48:04.167472
1760,attachment,Spree::Asset,909,1760,2020-09-25 08:01:37.121749
1761,attachment,Spree::Asset,910,1761,2020-09-25 08:01:43.918506
1762,attachment,Spree::Asset,911,1762,2020-09-25 08:06:28.719354
1763,attachment,Spree::Asset,912,1763,2020-09-25 08:06:34.206439
1764,attachment,Spree::Asset,913,1764,2020-09-25 08:09:46.966697
1765,attachment,Spree::Asset,914,1765,2020-09-25 08:09:53.313323
1766,attachment,Spree::Asset,915,1766,2020-09-25 08:49:51.261065
1767,attachment,Spree::Asset,916,1767,2020-09-25 08:49:59.404292
1768,attachment,Spree::Asset,917,1768,2020-09-25 08:54:19.830502
1769,attachment,Spree::Asset,918,1769,2020-09-25 08:58:48.126594
1770,attachment,Spree::Asset,919,1770,2020-09-25 08:58:54.975737
1771,attachment,Spree::Asset,920,1771,2020-09-25 09:01:24.947730
1772,attachment,Spree::Asset,921,1772,2020-09-25 09:01:30.289063
1773,attachment,Spree::Asset,922,1773,2020-09-25 09:03:00.740993
1774,attachment,Spree::Asset,923,1774,2020-09-25 09:03:07.108499
1775,attachment,Spree::Asset,924,1775,2020-09-25 09:04:40.211631
1776,attachment,Spree::Asset,925,1776,2020-09-25 09:04:45.920060
1777,attachment,Spree::Asset,926,1777,2020-09-25 09:04:51.985110
1778,attachment,Spree::Asset,927,1778,2020-09-25 09:06:41.887198
1779,attachment,Spree::Asset,928,1779,2020-09-25 09:10:04.221353
1780,attachment,Spree::Asset,929,1780,2020-09-25 09:10:10.946073
1781,attachment,Spree::Asset,930,1781,2020-09-25 09:12:58.592765
1782,attachment,Spree::Asset,931,1782,2020-09-25 09:14:40.355670
1783,attachment,Spree::Asset,932,1783,2020-09-25 09:17:06.814546
1784,attachment,Spree::Asset,933,1784,2020-09-25 09:35:27.108745
1785,attachment,Spree::Asset,934,1785,2020-09-25 09:36:33.641005
1786,attachment,Spree::Asset,935,1786,2020-09-25 09:37:22.663352
1787,attachment,Spree::Asset,936,1787,2020-09-25 09:39:33.562575
1788,attachment,Spree::Asset,937,1788,2020-09-25 09:44:44.785319
1789,attachment,Spree::Asset,938,1789,2020-09-25 09:47:44.565525
1790,attachment,Spree::Asset,939,1790,2020-09-25 09:52:19.359282
1791,attachment,Spree::Asset,940,1791,2020-09-25 09:52:24.700017
1792,attachment,Spree::Asset,941,1792,2020-09-25 09:54:05.334633
1793,attachment,Spree::Asset,942,1793,2020-09-25 09:59:23.945867
1795,attachment,Spree::Asset,944,1795,2020-09-25 10:07:10.750341
1796,attachment,Spree::Asset,945,1796,2020-09-25 10:07:16.431345
1797,attachment,Spree::Asset,946,1797,2020-09-25 10:17:35.290537
1798,attachment,Spree::Asset,947,1798,2020-09-25 10:33:37.387482
1799,attachment,Spree::Asset,948,1799,2020-09-25 10:34:36.745031
1800,attachment,Spree::Asset,949,1800,2020-09-25 10:37:46.989305
1801,attachment,Spree::Asset,950,1801,2020-09-25 10:41:07.009171
1802,attachment,Spree::Asset,951,1802,2020-09-25 10:42:52.155664
1803,attachment,Spree::Asset,952,1803,2020-09-25 10:42:57.396932
1804,attachment,Spree::Asset,953,1804,2020-09-25 10:43:03.881593
1805,attachment,Spree::Asset,954,1805,2020-09-25 10:47:50.334074
1806,attachment,Spree::Asset,955,1806,2020-09-25 10:47:57.023714
1807,attachment,Spree::Asset,956,1807,2020-09-25 10:49:53.478133
1808,attachment,Spree::Asset,957,1808,2020-09-25 10:50:01.326263
1809,attachment,Spree::Asset,958,1809,2020-09-25 10:53:14.964307
1810,attachment,Spree::Asset,959,1810,2020-09-25 10:53:22.230945
1811,attachment,Spree::Asset,960,1811,2020-09-25 10:53:29.722774
1812,attachment,Spree::Asset,961,1812,2020-09-25 10:55:30.596871
1813,attachment,Spree::Asset,962,1813,2020-09-25 10:55:40.219373
1814,attachment,Spree::Asset,963,1814,2020-09-25 10:55:48.246794
1815,attachment,Spree::Asset,964,1815,2020-09-25 10:58:09.617411
1816,attachment,Spree::Asset,965,1816,2020-09-25 10:58:15.633723
1817,attachment,Spree::Asset,966,1817,2020-09-25 11:00:18.311850
1818,attachment,Spree::Asset,967,1818,2020-09-25 11:00:24.627325
1819,attachment,Spree::Asset,968,1819,2020-09-25 11:01:46.098105
1820,attachment,Spree::Asset,969,1820,2020-09-25 11:01:53.185426
1821,attachment,Spree::Asset,970,1821,2020-09-25 11:02:01.873623
1822,attachment,Spree::Asset,971,1822,2020-09-25 11:06:09.508107
1823,attachment,Spree::Asset,972,1823,2020-09-25 11:10:06.962297
1824,attachment,Spree::Asset,973,1824,2020-09-25 11:14:30.959603
1825,attachment,Spree::Asset,974,1825,2020-09-25 11:17:34.208391
1826,attachment,Spree::Asset,975,1826,2020-09-25 11:21:01.718506
1827,attachment,Spree::Asset,976,1827,2020-09-25 11:21:06.999745
1828,attachment,Spree::Asset,977,1828,2020-09-25 11:22:30.165087
1829,attachment,Spree::Asset,978,1829,2020-09-25 11:22:36.074062
1830,attachment,Spree::Asset,979,1830,2020-09-25 12:06:26.280346
1831,attachment,Spree::Asset,980,1831,2020-09-25 12:06:32.816511
1832,attachment,Spree::Asset,981,1832,2020-09-25 12:19:32.443920
1833,attachment,Spree::Asset,982,1833,2020-09-25 12:21:36.380745
1834,attachment,Spree::Asset,983,1834,2020-09-25 12:27:44.447683
1835,attachment,Spree::Asset,984,1835,2020-09-25 12:27:53.071347
1836,attachment,Spree::Asset,985,1836,2020-09-25 12:36:43.175267
1837,attachment,Spree::Asset,986,1837,2020-09-25 12:40:28.650389
1838,attachment,Spree::Asset,987,1838,2020-09-25 12:43:29.127282
1839,attachment,Spree::Asset,988,1839,2020-09-25 12:46:40.454455
1840,attachment,Spree::Asset,989,1840,2020-09-25 12:46:46.118073
1841,attachment,Spree::Asset,990,1841,2020-09-25 12:46:55.630367
1842,attachment,Spree::Asset,991,1842,2020-09-25 12:47:06.196126
1843,attachment,Spree::Asset,992,1843,2020-09-25 12:47:15.663553
1844,attachment,Spree::Asset,993,1844,2020-09-25 12:47:22.107204
1845,attachment,Spree::Asset,994,1845,2020-09-25 12:52:57.944345
1846,attachment,Spree::Asset,995,1846,2020-09-25 12:53:16.386405
1847,attachment,Spree::Asset,996,1847,2020-09-25 12:57:59.812959
1848,attachment,Spree::Asset,997,1848,2020-09-25 13:01:34.815409
1849,attachment,Spree::Asset,998,1849,2020-09-25 13:01:41.712746
1850,attachment,Spree::Asset,238,1850,2020-09-25 13:02:21.269741
1851,attachment,Spree::Asset,999,1851,2020-09-25 13:06:37.167029
1852,attachment,Spree::Asset,1000,1852,2020-09-25 13:11:49.340233
1853,attachment,Spree::Asset,1001,1853,2020-09-25 13:11:56.550937
1854,attachment,Spree::Asset,1002,1854,2020-09-25 13:24:32.574245
1855,attachment,Spree::Asset,1003,1855,2020-09-25 13:26:56.630204
1856,attachment,Spree::Asset,1004,1856,2020-09-25 13:29:02.451422
1857,attachment,Spree::Asset,1005,1857,2020-09-25 13:32:32.774227
1858,attachment,Spree::Asset,1006,1858,2020-11-05 09:37:08.822455
1859,attachment,Spree::Asset,1007,1859,2020-11-05 13:52:21.590542
1861,attachment,Spree::Asset,150,1861,2020-11-05 13:55:11.028004
1862,attachment,Spree::Asset,1008,1862,2020-11-05 13:55:32.646598
1863,attachment,Spree::Asset,1009,1863,2020-11-05 13:59:42.750238
1864,attachment,Spree::Asset,1010,1864,2020-11-05 13:59:52.845100
1866,attachment,Spree::Asset,1011,1866,2020-11-05 14:12:54.338868
1867,attachment,Spree::Asset,1012,1867,2020-11-05 14:17:34.242130
1868,attachment,Spree::Asset,1013,1868,2020-11-05 14:23:25.432932
1869,attachment,Spree::Asset,1014,1869,2020-11-05 14:32:58.437884
1870,attachment,Spree::Asset,1015,1870,2020-11-05 14:40:25.078688
1871,attachment,Spree::Asset,1016,1871,2020-11-05 15:01:57.272847
1872,attachment,Spree::Asset,1017,1872,2020-11-05 15:07:11.005321
1873,attachment,Spree::Asset,1018,1873,2020-11-05 15:27:46.066487
1874,attachment,Spree::Asset,1019,1874,2020-11-05 15:33:38.751538
1875,attachment,Spree::Asset,1020,1875,2020-11-05 15:41:07.505179
1877,attachment,Spree::Asset,1021,1877,2020-11-06 10:35:05.233594
1878,attachment,Spree::Asset,266,1878,2020-11-06 10:37:16.139479
1880,attachment,Spree::Asset,1022,1880,2020-11-06 10:55:11.067034
1881,attachment,Spree::Asset,1023,1881,2020-11-06 10:57:03.561372
1882,attachment,Spree::Asset,1024,1882,2020-11-06 11:05:49.228802
1883,attachment,Spree::Asset,153,1883,2020-11-06 12:31:58.985517
1884,attachment,Spree::Asset,1025,1884,2020-11-06 12:42:26.602681
1885,attachment,Spree::Asset,1026,1885,2020-11-06 13:00:45.506946
1886,attachment,Spree::Asset,1027,1886,2020-11-06 13:03:12.400620
1887,attachment,Spree::Asset,257,1887,2020-11-06 13:05:59.041318
1888,attachment,Spree::Asset,1028,1888,2020-11-06 13:08:23.356395
1889,attachment,Spree::Asset,1029,1889,2020-11-06 13:11:02.866390
1890,attachment,Spree::Asset,1030,1890,2020-11-06 13:11:44.686681
1891,attachment,Spree::Asset,1031,1891,2020-11-06 13:19:25.003303
1892,attachment,Spree::Asset,1032,1892,2020-11-06 13:26:38.031646
1893,attachment,Spree::Asset,140,1893,2020-11-06 13:31:16.542279
1894,attachment,Spree::Asset,1033,1894,2020-11-06 13:49:34.621503
1895,attachment,Spree::Asset,1034,1895,2020-11-06 13:54:29.575554
1896,attachment,Spree::Asset,1035,1896,2020-11-06 14:22:03.117004
1897,attachment,Spree::Asset,1036,1897,2020-11-06 14:53:32.071120
1898,attachment,Spree::Asset,1037,1898,2020-11-06 14:59:11.801531
1899,attachment,Spree::Asset,264,1899,2020-11-06 15:07:16.605511
1900,attachment,Spree::Asset,1038,1900,2020-11-06 15:16:00.426945
1901,attachment,Spree::Asset,1039,1901,2020-11-06 15:19:44.787481
1902,attachment,Spree::Asset,1040,1902,2020-11-06 15:19:51.727547
1903,attachment,Spree::Asset,1041,1903,2020-11-06 15:30:27.596753
1904,attachment,Spree::Asset,141,1904,2020-11-06 15:33:09.725436
1905,attachment,Spree::Asset,265,1905,2020-11-06 15:37:17.676132
1906,attachment,Spree::Asset,1042,1906,2020-11-06 15:41:47.739850
1907,attachment,Spree::Asset,1043,1907,2020-11-06 15:41:54.367110
1908,attachment,Spree::Asset,1044,1908,2020-11-06 15:50:37.358620
